scenario,seed,policy,decisions,avg_latency_ms,total_energy,network_usage,migrations,cloud_fallbacks,mean_soh,min_soh,soh_spread,load_imbalance,mean_reliability,lstm_ok
static,1,ROUND_ROBIN,60,12.4360,8216685.63,144159300.00,0,0,0.9289,0.8956,0.0279,0.4330,0.9610,yes
static,1,LEAST_LOADED,60,12.4360,8114318.07,142475400.00,0,0,0.9289,0.8956,0.0279,0.4330,0.9610,yes
static,1,LATENCY_ONLY,60,12.4500,7826714.14,323035100.00,0,0,0.9140,0.8245,0.0596,3.8649,0.9600,yes
static,1,MOBILITY_AWARE,60,12.4360,8086397.70,146232000.00,0,0,0.9289,0.8956,0.0279,0.4330,0.9610,yes
static,1,NHI_STATIC,60,12.4360,8102389.28,143200500.00,0,0,0.9188,0.8460,0.0349,1.9203,0.9595,yes
static,1,NHI_DYNAMIC,60,12.4360,8130282.41,144657600.00,0,0,0.9192,0.8460,0.0349,1.9203,0.9595,yes
pedestrian,1,ROUND_ROBIN,60,12.4360,8104783.08,141654600.00,49,0,0.9289,0.8956,0.0279,0.4330,0.8184,yes
pedestrian,1,LEAST_LOADED,60,12.4360,8207336.36,143620800.00,49,0,0.9289,0.8956,0.0279,0.4330,0.8184,yes
pedestrian,1,LATENCY_ONLY,60,12.4500,7826649.90,324299000.00,47,0,0.9140,0.8245,0.0596,3.8649,0.8346,yes
pedestrian,1,MOBILITY_AWARE,60,12.4360,8095229.11,144781500.00,13,0,0.9275,0.8886,0.0293,0.6614,0.9237,yes
pedestrian,1,NHI_STATIC,60,12.4360,8290471.20,143524200.00,20,0,0.9238,0.8956,0.0270,0.9014,0.9033,yes
pedestrian,1,NHI_DYNAMIC,60,12.4360,8178212.71,142692000.00,14,0,0.9240,0.8869,0.0257,1.1456,0.9210,yes
vehicular,1,ROUND_ROBIN,60,12.4360,8170077.04,143398500.00,48,0,0.9289,0.8956,0.0279,0.4330,0.8198,yes
vehicular,1,LEAST_LOADED,60,12.4360,8086235.01,143238600.00,48,0,0.9289,0.8956,0.0279,0.4330,0.8198,yes
vehicular,1,LATENCY_ONLY,60,12.4500,7826604.76,322973300.00,50,0,0.9140,0.8245,0.0596,3.8649,0.8281,yes
vehicular,1,MOBILITY_AWARE,60,12.4360,8132638.28,147576300.00,17,0,0.9297,0.8956,0.0280,0.5590,0.9111,yes
vehicular,1,NHI_STATIC,60,12.4360,8130618.88,144637500.00,19,0,0.9190,0.8609,0.0304,1.6394,0.9056,yes
vehicular,1,NHI_DYNAMIC,60,12.4360,8289074.39,144590700.00,19,0,0.9194,0.8609,0.0296,1.6008,0.9053,yes
degraded_fleet,1,ROUND_ROBIN,60,12.4360,8331175.45,144818100.00,49,0,0.8214,0.7326,0.0768,0.4330,0.6836,yes
degraded_fleet,1,LEAST_LOADED,60,12.4360,8331082.21,145308000.00,49,0,0.8214,0.7326,0.0768,0.4330,0.6836,yes
degraded_fleet,1,LATENCY_ONLY,60,12.4360,7851253.74,336717300.00,52,0,0.8170,0.7326,0.0656,3.8649,0.6803,yes
degraded_fleet,1,MOBILITY_AWARE,60,12.4360,8206736.23,144731100.00,13,0,0.8217,0.7326,0.0788,0.6614,0.7896,yes
degraded_fleet,1,NHI_STATIC,60,12.4360,8329346.67,146230200.00,17,0,0.8133,0.7326,0.0702,1.3919,0.7738,yes
degraded_fleet,1,NHI_DYNAMIC,60,12.4360,8329411.67,145652100.00,14,0,0.8117,0.7326,0.0666,1.3463,0.7820,yes
static,2,ROUND_ROBIN,60,12.4360,8330818.47,145233600.00,0,0,0.9216,0.8815,0.0277,0.4330,0.9477,yes
static,2,LEAST_LOADED,60,12.4360,8330870.73,146426400.00,0,0,0.9216,0.8815,0.0277,0.4330,0.9477,yes
static,2,LATENCY_ONLY,60,12.4432,7881377.94,333722200.00,0,0,0.9089,0.7323,0.0830,3.8649,0.9491,yes
static,2,MOBILITY_AWARE,60,12.4360,8318988.30,142685100.00,0,0,0.9216,0.8815,0.0277,0.4330,0.9477,yes
static,2,NHI_STATIC,60,12.4360,8330671.56,147808800.00,0,0,0.9216,0.8815,0.0241,0.4330,0.9476,yes
static,2,NHI_DYNAMIC,60,12.4360,8330831.17,144598200.00,0,0,0.9216,0.8815,0.0241,0.4330,0.9476,yes
pedestrian,2,ROUND_ROBIN,60,12.4360,8086339.40,147340800.00,47,0,0.9216,0.8815,0.0277,0.4330,0.8108,yes
pedestrian,2,LEAST_LOADED,60,12.4360,8132696.88,143525700.00,47,0,0.9216,0.8815,0.0277,0.4330,0.8108,yes
pedestrian,2,LATENCY_ONLY,60,12.4432,7910274.52,333575800.00,51,0,0.9089,0.7323,0.0830,3.8649,0.8137,yes
pedestrian,2,MOBILITY_AWARE,60,12.4360,8330668.69,148009800.00,14,0,0.9234,0.8574,0.0313,0.5590,0.9066,yes
pedestrian,2,NHI_STATIC,60,12.4360,8330918.76,145035300.00,27,0,0.9215,0.8574,0.0281,0.4330,0.8681,yes
pedestrian,2,NHI_DYNAMIC,60,12.4360,8330771.85,146494800.00,22,0,0.9216,0.8815,0.0241,0.4330,0.8828,yes
vehicular,2,ROUND_ROBIN,60,12.4360,8330910.30,144558600.00,48,0,0.9216,0.8815,0.0277,0.4330,0.8065,yes
vehicular,2,LEAST_LOADED,60,12.4360,8330815.65,145217100.00,48,0,0.9216,0.8815,0.0277,0.4330,0.8065,yes
vehicular,2,LATENCY_ONLY,60,12.4432,7909566.35,330534700.00,49,0,0.9089,0.7323,0.0830,3.8649,0.8212,yes
vehicular,2,MOBILITY_AWARE,60,12.4360,8330728.01,146592300.00,17,0,0.9192,0.8815,0.0282,0.5590,0.8981,yes
vehicular,2,NHI_STATIC,60,12.4360,8331016.23,147462900.00,29,0,0.9208,0.8574,0.0286,0.4330,0.8623,yes
vehicular,2,NHI_DYNAMIC,60,12.4360,8330927.22,147416400.00,24,0,0.9208,0.8574,0.0286,0.4330,0.8768,yes
degraded_fleet,2,ROUND_ROBIN,60,12.4360,8219665.09,150417000.00,47,0,0.8447,0.7326,0.0757,0.4330,0.7001,yes
degraded_fleet,2,LEAST_LOADED,60,12.4360,8117177.19,146546700.00,47,0,0.8447,0.7326,0.0757,0.4330,0.7001,yes
degraded_fleet,2,LATENCY_ONLY,60,12.4360,7825142.75,342100000.00,52,0,0.8417,0.7313,0.0801,3.8649,0.6941,yes
degraded_fleet,2,MOBILITY_AWARE,60,12.4360,8126343.70,149710500.00,14,0,0.8449,0.7326,0.0756,0.5590,0.7954,yes
degraded_fleet,2,NHI_STATIC,60,12.4360,8329243.55,146700900.00,20,0,0.8410,0.7326,0.0652,1.4361,0.7723,yes
degraded_fleet,2,NHI_DYNAMIC,60,12.4360,8327011.49,148721400.00,18,0,0.8380,0.7326,0.0599,1.6394,0.7762,yes
static,3,ROUND_ROBIN,60,12.4360,8167105.12,147093300.00,0,0,0.9294,0.8742,0.0291,0.4330,0.9492,yes
static,3,LEAST_LOADED,60,12.4360,8129924.80,149184300.00,0,0,0.9294,0.8742,0.0291,0.4330,0.9492,yes
static,3,LATENCY_ONLY,60,12.4432,7824483.92,333649000.00,0,0,0.9054,0.7695,0.0684,3.8649,0.9475,yes
static,3,MOBILITY_AWARE,60,12.4360,8083122.51,148154700.00,0,0,0.9294,0.8742,0.0291,0.4330,0.9492,yes
static,3,NHI_STATIC,60,12.4350,8077457.43,172522400.00,0,0,0.9156,0.8445,0.0418,2.2500,0.9474,yes
static,3,NHI_DYNAMIC,60,12.4350,8062427.30,172565000.00,0,0,0.9178,0.8525,0.0363,2.0767,0.9475,yes
pedestrian,3,ROUND_ROBIN,60,12.4360,8129697.24,146064300.00,47,0,0.9294,0.8742,0.0291,0.4330,0.8119,yes
pedestrian,3,LEAST_LOADED,60,12.4360,8101900.04,147584700.00,47,0,0.9294,0.8742,0.0291,0.4330,0.8119,yes
pedestrian,3,LATENCY_ONLY,60,12.4432,7834519.11,334618900.00,52,0,0.9054,0.7695,0.0684,3.8649,0.8105,yes
pedestrian,3,MOBILITY_AWARE,60,12.4360,8151017.34,146050500.00,7,0,0.9275,0.8742,0.0321,0.8292,0.9291,yes
pedestrian,3,NHI_STATIC,60,12.4360,8101976.65,146655900.00,20,0,0.9271,0.8898,0.0257,0.4330,0.8907,yes
pedestrian,3,NHI_DYNAMIC,60,12.4360,8203555.20,144234600.00,10,0,0.9235,0.8898,0.0271,0.7500,0.9210,yes
vehicular,3,ROUND_ROBIN,60,12.4360,8111413.83,148135200.00,48,0,0.9294,0.8742,0.0291,0.4330,0.8080,yes
vehicular,3,LEAST_LOADED,60,12.4360,8092620.82,147449400.00,48,0,0.9294,0.8742,0.0291,0.4330,0.8080,yes
vehicular,3,LATENCY_ONLY,60,12.4432,7831110.04,334827100.00,49,0,0.9054,0.7695,0.0684,3.8649,0.8180,yes
vehicular,3,MOBILITY_AWARE,60,12.4360,8157556.15,146601900.00,17,0,0.9285,0.8742,0.0301,0.5590,0.8993,yes
vehicular,3,NHI_STATIC,60,12.4360,8110982.83,146347200.00,27,0,0.9276,0.8898,0.0267,0.6614,0.8695,yes
vehicular,3,NHI_DYNAMIC,60,12.4360,8269211.03,147581400.00,21,0,0.9286,0.8898,0.0273,0.7500,0.8871,yes
degraded_fleet,3,ROUND_ROBIN,60,12.4360,8095786.92,145029300.00,47,0,0.8531,0.7326,0.0770,0.4330,0.7230,yes
degraded_fleet,3,LEAST_LOADED,60,12.4360,8331539.47,144576900.00,47,0,0.8531,0.7326,0.0770,0.4330,0.7230,yes
degraded_fleet,3,LATENCY_ONLY,60,12.4360,7824617.62,333042900.00,49,0,0.8460,0.7326,0.0710,3.8649,0.7244,yes
degraded_fleet,3,MOBILITY_AWARE,60,12.4360,8203614.45,142266900.00,7,0,0.8544,0.7326,0.0789,0.8292,0.8412,yes
degraded_fleet,3,NHI_STATIC,60,12.4389,8108175.68,166881000.00,13,0,0.8427,0.7326,0.0655,2.2500,0.8163,yes
degraded_fleet,3,NHI_DYNAMIC,60,12.4389,8062669.42,163707000.00,13,0,0.8424,0.7326,0.0635,1.8875,0.8172,yes
static,4,ROUND_ROBIN,60,12.4360,8272509.95,146688600.00,0,0,0.9256,0.8811,0.0283,0.4330,0.9555,yes
static,4,LEAST_LOADED,60,12.4360,8080115.82,150168300.00,0,0,0.9256,0.8811,0.0283,0.4330,0.9555,yes
static,4,LATENCY_ONLY,60,12.4283,7832847.85,346268200.00,0,0,0.9099,0.7593,0.0778,3.8649,0.9547,yes
static,4,MOBILITY_AWARE,60,12.4360,8092353.31,147633900.00,0,0,0.9256,0.8811,0.0283,0.4330,0.9555,yes
static,4,NHI_STATIC,60,12.4360,8092408.32,147174000.00,0,0,0.9261,0.8941,0.0253,0.4330,0.9554,yes
static,4,NHI_DYNAMIC,60,12.4360,8120294.37,146773200.00,0,0,0.9242,0.8918,0.0260,0.4330,0.9555,yes
pedestrian,4,ROUND_ROBIN,60,12.4360,8082971.60,146938800.00,51,0,0.9256,0.8811,0.0283,0.4330,0.8067,yes
pedestrian,4,LEAST_LOADED,60,12.4360,8083001.68,146299500.00,51,0,0.9256,0.8811,0.0283,0.4330,0.8067,yes
pedestrian,4,LATENCY_ONLY,60,12.4283,7829972.06,346693900.00,50,0,0.9099,0.7593,0.0778,3.8649,0.8238,yes
pedestrian,4,MOBILITY_AWARE,60,12.4360,8128692.59,145360500.00,14,0,0.9242,0.8583,0.0351,0.9682,0.9140,yes
pedestrian,4,NHI_STATIC,60,12.4360,8145067.47,145297800.00,29,0,0.9250,0.8811,0.0276,0.4330,0.8702,yes
pedestrian,4,NHI_DYNAMIC,60,12.4360,8083073.14,145128900.00,22,0,0.9242,0.8918,0.0260,0.4330,0.8914,yes
vehicular,4,ROUND_ROBIN,60,12.4360,8089375.75,150953700.00,48,0,0.9256,0.8811,0.0283,0.4330,0.8143,yes
vehicular,4,LEAST_LOADED,60,12.4360,8095565.47,146111700.00,48,0,0.9256,0.8811,0.0283,0.4330,0.8143,yes
vehicular,4,LATENCY_ONLY,60,12.4283,7832918.10,346675000.00,49,0,0.9099,0.7593,0.0778,3.8649,0.8251,yes
vehicular,4,MOBILITY_AWARE,60,12.4360,8101465.26,146315400.00,17,0,0.9269,0.8811,0.0257,0.5590,0.9057,yes
vehicular,4,NHI_STATIC,60,12.4360,8083096.66,146453100.00,31,0,0.9261,0.8941,0.0253,0.4330,0.8641,yes
vehicular,4,NHI_DYNAMIC,60,12.4360,8101051.32,145544100.00,22,0,0.9234,0.8786,0.0284,0.8292,0.8911,yes
degraded_fleet,4,ROUND_ROBIN,60,12.4360,8284809.51,141769200.00,51,0,0.8694,0.7563,0.0680,0.4330,0.7285,yes
degraded_fleet,4,LEAST_LOADED,60,12.4360,8216638.61,143570100.00,51,0,0.8694,0.7563,0.0680,0.4330,0.7285,yes
degraded_fleet,4,LATENCY_ONLY,60,12.4360,7824789.21,338015100.00,53,0,0.8686,0.7477,0.0833,3.8649,0.7368,yes
degraded_fleet,4,MOBILITY_AWARE,60,12.4360,8330641.48,146272200.00,14,0,0.8661,0.7563,0.0673,0.9682,0.8345,yes
degraded_fleet,4,NHI_STATIC,60,12.4360,8331393.98,147972900.00,27,0,0.8678,0.7563,0.0663,0.4330,0.7975,yes
degraded_fleet,4,NHI_DYNAMIC,60,12.4360,8101137.83,144545700.00,20,0,0.8697,0.7770,0.0617,0.9014,0.8156,yes
static,5,ROUND_ROBIN,60,12.4360,8078824.21,146934300.00,0,0,0.9298,0.8666,0.0313,0.4330,0.9522,yes
static,5,LEAST_LOADED,60,12.4360,8078714.23,149196900.00,0,0,0.9298,0.8666,0.0313,0.4330,0.9522,yes
static,5,LATENCY_ONLY,60,12.4360,7822280.35,342863800.00,0,0,0.9091,0.7450,0.0758,3.8649,0.9522,yes
static,5,MOBILITY_AWARE,60,12.4360,8078840.68,147762900.00,0,0,0.9298,0.8666,0.0313,0.4330,0.9522,yes
static,5,NHI_STATIC,60,12.4360,8078780.02,146694900.00,0,0,0.9334,0.8886,0.0272,0.4330,0.9522,yes
static,5,NHI_DYNAMIC,60,12.4360,8078710.89,144806400.00,0,0,0.9330,0.8886,0.0252,0.4330,0.9522,yes
pedestrian,5,ROUND_ROBIN,60,12.4360,8078764.99,148291800.00,46,0,0.9298,0.8666,0.0313,0.4330,0.8183,yes
pedestrian,5,LEAST_LOADED,60,12.4360,8078756.99,147919200.00,46,0,0.9298,0.8666,0.0313,0.4330,0.8183,yes
pedestrian,5,LATENCY_ONLY,60,12.4360,7822176.91,341092300.00,47,0,0.9091,0.7450,0.0758,3.8649,0.8288,yes
pedestrian,5,MOBILITY_AWARE,60,12.4360,8077869.71,143954400.00,13,0,0.9296,0.8666,0.0360,0.7500,0.9155,yes
pedestrian,5,NHI_STATIC,60,12.4360,8078676.11,145913700.00,25,0,0.9334,0.8886,0.0267,0.4330,0.8793,yes
pedestrian,5,NHI_DYNAMIC,60,12.4360,8078336.93,148152600.00,20,0,0.9303,0.8886,0.0293,0.6614,0.8953,yes
vehicular,5,ROUND_ROBIN,60,12.4360,8078681.30,147493200.00,48,0,0.9298,0.8666,0.0313,0.4330,0.8110,yes
vehicular,5,LEAST_LOADED,60,12.4360,8078746.19,148388100.00,48,0,0.9298,0.8666,0.0313,0.4330,0.8110,yes
vehicular,5,LATENCY_ONLY,60,12.4360,7822292.58,344300800.00,48,0,0.9091,0.7450,0.0758,3.8649,0.8270,yes
vehicular,5,MOBILITY_AWARE,60,12.4360,8078522.50,146664600.00,17,0,0.9310,0.8666,0.0306,0.5590,0.9025,yes
vehicular,5,NHI_STATIC,60,12.4360,8078814.82,149372400.00,26,0,0.9316,0.8886,0.0264,0.4330,0.8761,yes
vehicular,5,NHI_DYNAMIC,60,12.4360,8078777.69,148186200.00,23,0,0.9316,0.8886,0.0264,0.4330,0.8839,yes
degraded_fleet,5,ROUND_ROBIN,60,12.4360,8077007.07,146903400.00,46,0,0.8371,0.7326,0.0725,0.4330,0.7226,yes
degraded_fleet,5,LEAST_LOADED,60,12.4360,8076849.56,143896200.00,46,0,0.8371,0.7326,0.0725,0.4330,0.7226,yes
degraded_fleet,5,LATENCY_ONLY,60,12.4283,7824184.36,340520600.00,52,0,0.8318,0.7384,0.0702,3.8649,0.7146,yes
degraded_fleet,5,MOBILITY_AWARE,60,12.4360,8076166.32,142349400.00,13,0,0.8326,0.7326,0.0719,0.7500,0.8194,yes
degraded_fleet,5,NHI_STATIC,60,12.4360,8075026.54,144119100.00,18,0,0.8264,0.7447,0.0547,1.4361,0.8003,yes
degraded_fleet,5,NHI_DYNAMIC,60,12.4360,8073754.17,141899700.00,15,0,0.8256,0.7447,0.0518,1.9843,0.8073,yes
static,6,ROUND_ROBIN,60,12.4360,8101925.43,147492000.00,0,0,0.9236,0.8830,0.0251,0.4330,0.9529,yes
static,6,LEAST_LOADED,60,12.4360,8101967.26,146840400.00,0,0,0.9236,0.8830,0.0251,0.4330,0.9529,yes
static,6,LATENCY_ONLY,60,12.4283,7827461.28,343883000.00,0,0,0.9150,0.7769,0.0689,3.8649,0.9537,yes
static,6,MOBILITY_AWARE,60,12.4360,8101826.68,146482800.00,0,0,0.9236,0.8830,0.0251,0.4330,0.9529,yes
static,6,NHI_STATIC,60,12.4360,8139230.79,146085000.00,0,0,0.9234,0.8956,0.0213,0.4330,0.9528,yes
static,6,NHI_DYNAMIC,60,12.4360,8204312.71,146161200.00,0,0,0.9239,0.8956,0.0200,0.4330,0.9529,yes
pedestrian,6,ROUND_ROBIN,60,12.4360,8176378.70,147013500.00,49,0,0.9236,0.8830,0.0251,0.4330,0.8094,yes
pedestrian,6,LEAST_LOADED,60,12.4360,8111267.15,145781400.00,49,0,0.9236,0.8830,0.0251,0.4330,0.8094,yes
pedestrian,6,LATENCY_ONLY,60,12.4283,7828409.51,343487300.00,48,0,0.9150,0.7769,0.0689,3.8649,0.8267,yes
pedestrian,6,MOBILITY_AWARE,60,12.4360,8120376.78,148006800.00,12,0,0.9249,0.8830,0.0271,0.5590,0.9183,yes
pedestrian,6,NHI_STATIC,60,12.4360,8080150.11,145926000.00,24,0,0.9250,0.8830,0.0230,0.4330,0.8825,yes
pedestrian,6,NHI_DYNAMIC,60,12.4360,8148336.06,145995300.00,15,0,0.9248,0.8830,0.0227,0.4330,0.9087,yes
vehicular,6,ROUND_ROBIN,60,12.4360,8250931.64,149673300.00,48,0,0.9236,0.8830,0.0251,0.4330,0.8117,yes
vehicular,6,LEAST_LOADED,60,12.4360,8080178.32,145954500.00,48,0,0.9236,0.8830,0.0251,0.4330,0.8117,yes
vehicular,6,LATENCY_ONLY,60,12.4283,7895629.52,345257600.00,47,0,0.9150,0.7769,0.0689,3.8649,0.8294,yes
vehicular,6,MOBILITY_AWARE,60,12.4360,8083225.62,149074800.00,17,0,0.9233,0.8956,0.0274,0.5590,0.9031,yes
vehicular,6,NHI_STATIC,60,12.4360,8325245.28,145743000.00,29,0,0.9237,0.8956,0.0224,0.4330,0.8678,yes
vehicular,6,NHI_DYNAMIC,60,12.4360,8083262.60,145389000.00,23,0,0.9237,0.8956,0.0224,0.4330,0.8852,yes
degraded_fleet,6,ROUND_ROBIN,60,12.4360,8331538.06,147173100.00,49,0,0.8312,0.7326,0.0835,0.4330,0.6954,yes
degraded_fleet,6,LEAST_LOADED,60,12.4360,8331481.57,145138800.00,49,0,0.8312,0.7326,0.0835,0.4330,0.6954,yes
degraded_fleet,6,LATENCY_ONLY,60,12.4283,7824899.18,343052800.00,46,0,0.8320,0.7326,0.0834,3.8649,0.7155,yes
degraded_fleet,6,MOBILITY_AWARE,60,12.4360,8331330.38,145923600.00,12,0,0.8308,0.7326,0.0806,0.5590,0.8035,yes
degraded_fleet,6,NHI_STATIC,60,12.4360,8329504.95,145272000.00,19,0,0.8251,0.7326,0.0699,1.7854,0.7804,yes
degraded_fleet,6,NHI_DYNAMIC,60,12.4360,8330432.34,146869500.00,18,0,0.8265,0.7326,0.0737,1.1456,0.7839,yes
static,7,ROUND_ROBIN,60,12.4360,8083060.44,143668500.00,0,0,0.9292,0.8666,0.0346,0.4330,0.9542,yes
static,7,LEAST_LOADED,60,12.4360,8107829.30,143705100.00,0,0,0.9292,0.8666,0.0346,0.4330,0.9542,yes
static,7,LATENCY_ONLY,60,12.4432,7841048.85,330974400.00,0,0,0.9087,0.7927,0.0725,3.8649,0.9551,yes
static,7,MOBILITY_AWARE,60,12.4360,8083106.99,145493400.00,0,0,0.9292,0.8666,0.0346,0.4330,0.9542,yes
static,7,NHI_STATIC,60,12.4360,8204158.49,142494300.00,0,0,0.9290,0.8830,0.0323,0.4330,0.9540,yes
static,7,NHI_DYNAMIC,60,12.4360,8157552.75,145983900.00,0,0,0.9295,0.8830,0.0293,0.4330,0.9540,yes
pedestrian,7,ROUND_ROBIN,60,12.4360,8101773.57,146814600.00,52,0,0.9292,0.8666,0.0346,0.4330,0.8036,yes
pedestrian,7,LEAST_LOADED,60,12.4360,8110983.20,146373000.00,52,0,0.9292,0.8666,0.0346,0.4330,0.8036,yes
pedestrian,7,LATENCY_ONLY,60,12.4432,7893305.86,334998600.00,54,0,0.9087,0.7927,0.0725,3.8649,0.8114,yes
pedestrian,7,MOBILITY_AWARE,60,12.4360,8092411.11,143379600.00,16,0,0.9285,0.8666,0.0371,0.4330,0.9080,yes
pedestrian,7,NHI_STATIC,60,12.4360,8120281.22,143919900.00,24,0,0.9291,0.8830,0.0339,0.4330,0.8836,yes
pedestrian,7,NHI_DYNAMIC,60,12.4360,8148263.65,144633600.00,22,0,0.9299,0.8830,0.0311,0.4330,0.8895,yes
vehicular,7,ROUND_ROBIN,60,12.4360,8076803.46,143856300.00,48,0,0.9292,0.8666,0.0346,0.4330,0.8130,yes
vehicular,7,LEAST_LOADED,60,12.4360,8129629.07,146149500.00,48,0,0.9292,0.8666,0.0346,0.4330,0.8130,yes
vehicular,7,LATENCY_ONLY,60,12.4432,7831493.33,329515800.00,49,0,0.9087,0.7927,0.0725,3.8649,0.8274,yes
vehicular,7,MOBILITY_AWARE,60,12.4360,8138821.90,145307100.00,17,0,0.9287,0.8830,0.0339,0.5590,0.9045,yes
vehicular,7,NHI_STATIC,60,12.4360,8157722.95,146696100.00,28,0,0.9284,0.8830,0.0313,0.4330,0.8717,yes
vehicular,7,NHI_DYNAMIC,60,12.4360,8147179.75,146150700.00,20,0,0.9319,0.8855,0.0279,1.0897,0.8952,yes
degraded_fleet,7,ROUND_ROBIN,60,12.4360,8331591.74,140500200.00,52,0,0.8715,0.7827,0.0701,0.4330,0.7311,yes
degraded_fleet,7,LEAST_LOADED,60,12.4360,8148353.48,146385600.00,52,0,0.8715,0.7827,0.0701,0.4330,0.7311,yes
degraded_fleet,7,LATENCY_ONLY,60,12.4432,7887005.37,330540400.00,54,0,0.8721,0.7477,0.0779,3.8649,0.7412,yes
degraded_fleet,7,MOBILITY_AWARE,60,12.4360,8331552.17,148119000.00,16,0,0.8715,0.7827,0.0701,0.4330,0.8349,yes
degraded_fleet,7,NHI_STATIC,60,12.4360,8168220.21,145064700.00,18,0,0.8685,0.7827,0.0573,1.6008,0.8233,yes
degraded_fleet,7,NHI_DYNAMIC,60,12.4360,8329597.94,147016500.00,16,0,0.8658,0.7827,0.0580,1.5207,0.8290,yes
static,8,ROUND_ROBIN,60,12.4360,8222684.97,145495500.00,0,0,0.9247,0.8855,0.0265,0.4330,0.9561,yes
static,8,LEAST_LOADED,60,12.4360,8083145.08,146032200.00,0,0,0.9247,0.8855,0.0265,0.4330,0.9561,yes
static,8,LATENCY_ONLY,60,12.4360,7832424.71,339509400.00,0,0,0.9085,0.8070,0.0612,3.8649,0.9564,yes
static,8,MOBILITY_AWARE,60,12.4360,8098761.23,150417600.00,0,0,0.9247,0.8855,0.0265,0.4330,0.9561,yes
static,8,NHI_STATIC,60,12.4360,8191829.79,147045900.00,0,0,0.9233,0.8886,0.0235,0.4330,0.9561,yes
static,8,NHI_DYNAMIC,60,12.4360,8253706.57,143917200.00,0,0,0.9233,0.8886,0.0235,0.4330,0.9561,yes
pedestrian,8,ROUND_ROBIN,60,12.4360,8315794.93,145191300.00,49,0,0.9247,0.8855,0.0265,0.4330,0.8137,yes
pedestrian,8,LEAST_LOADED,60,12.4360,8241261.25,146274900.00,49,0,0.9247,0.8855,0.0265,0.4330,0.8137,yes
pedestrian,8,LATENCY_ONLY,60,12.4360,7832191.79,340228800.00,50,0,0.9085,0.8070,0.0612,3.8649,0.8232,yes
pedestrian,8,MOBILITY_AWARE,60,12.4360,8247023.57,144583200.00,10,0,0.9220,0.8666,0.0277,0.7500,0.9271,yes
pedestrian,8,NHI_STATIC,60,12.4360,8079889.19,145605900.00,21,0,0.9233,0.8886,0.0235,0.4330,0.8948,yes
pedestrian,8,NHI_DYNAMIC,60,12.4360,8162889.21,144567600.00,11,0,0.9220,0.8886,0.0253,0.8292,0.9238,yes
vehicular,8,ROUND_ROBIN,60,12.4360,8331331.84,146342100.00,48,0,0.9247,0.8855,0.0265,0.4330,0.8149,yes
vehicular,8,LEAST_LOADED,60,12.4360,8210869.63,145643700.00,48,0,0.9247,0.8855,0.0265,0.4330,0.8149,yes
vehicular,8,LATENCY_ONLY,60,12.4360,7833041.12,338637000.00,49,0,0.9085,0.8070,0.0612,3.8649,0.8263,yes
vehicular,8,MOBILITY_AWARE,60,12.4360,8107728.35,144320700.00,17,0,0.9239,0.8886,0.0260,0.5590,0.9063,yes
vehicular,8,NHI_STATIC,60,12.4360,8297213.46,146265600.00,30,0,0.9231,0.8886,0.0249,0.4330,0.8680,yes
vehicular,8,NHI_DYNAMIC,60,12.4360,8306320.73,146345700.00,24,0,0.9237,0.8666,0.0279,0.5590,0.8857,yes
degraded_fleet,8,ROUND_ROBIN,60,12.4360,8079943.71,144163200.00,49,0,0.8933,0.7326,0.0652,0.4330,0.7756,yes
degraded_fleet,8,LEAST_LOADED,60,12.4360,8126545.25,146011800.00,49,0,0.8933,0.7326,0.0652,0.4330,0.7756,yes
degraded_fleet,8,LATENCY_ONLY,60,12.4360,7827206.97,335561700.00,55,0,0.8829,0.7326,0.0943,3.8649,0.7699,yes
degraded_fleet,8,MOBILITY_AWARE,60,12.4360,8163169.30,146628900.00,10,0,0.8958,0.7326,0.0678,0.7500,0.8904,yes
degraded_fleet,8,NHI_STATIC,60,12.4360,8089383.26,146007900.00,19,0,0.8971,0.7326,0.0645,0.4330,0.8618,yes
degraded_fleet,8,NHI_DYNAMIC,60,12.4360,8117128.43,146737500.00,16,0,0.8983,0.7326,0.0645,0.6614,0.8706,yes
static,9,ROUND_ROBIN,60,12.4360,8075522.71,144726900.00,0,0,0.9206,0.8704,0.0296,0.4330,0.9528,yes
static,9,LEAST_LOADED,60,12.4360,8078791.33,149409900.00,0,0,0.9206,0.8704,0.0296,0.4330,0.9528,yes
static,9,LATENCY_ONLY,60,12.4360,7823817.63,339180000.00,0,0,0.9041,0.7457,0.0859,3.8649,0.9516,yes
static,9,MOBILITY_AWARE,60,12.4360,8078586.81,148027200.00,0,0,0.9206,0.8704,0.0296,0.4330,0.9528,yes
static,9,NHI_STATIC,60,12.4360,8078772.50,146568600.00,0,0,0.9219,0.8814,0.0300,0.4330,0.9523,yes
static,9,NHI_DYNAMIC,60,12.4360,8078666.73,146978100.00,0,0,0.9219,0.8814,0.0300,0.4330,0.9523,yes
pedestrian,9,ROUND_ROBIN,60,12.4360,8078772.04,147510600.00,48,0,0.9206,0.8704,0.0296,0.4330,0.8130,yes
pedestrian,9,LEAST_LOADED,60,12.4360,8078525.66,144399000.00,48,0,0.9206,0.8704,0.0296,0.4330,0.8130,yes
pedestrian,9,LATENCY_ONLY,60,12.4360,7823739.28,339401700.00,51,0,0.9041,0.7457,0.0859,3.8649,0.8160,yes
pedestrian,9,MOBILITY_AWARE,60,12.4360,8075076.01,149141700.00,12,0,0.9222,0.8666,0.0331,0.7500,0.9182,yes
pedestrian,9,NHI_STATIC,60,12.4360,8078638.06,147560700.00,25,0,0.9213,0.8814,0.0308,0.4330,0.8806,yes
pedestrian,9,NHI_DYNAMIC,60,12.4360,8078595.24,143766000.00,21,0,0.9234,0.8814,0.0287,0.4330,0.8917,yes
vehicular,9,ROUND_ROBIN,60,12.4360,8078816.24,147042300.00,48,0,0.9206,0.8704,0.0296,0.4330,0.8116,yes
vehicular,9,LEAST_LOADED,60,12.4360,8075705.15,147511800.00,48,0,0.9206,0.8704,0.0296,0.4330,0.8116,yes
vehicular,9,LATENCY_ONLY,60,12.4360,7823617.20,339846600.00,50,0,0.9041,0.7457,0.0859,3.8649,0.8189,yes
vehicular,9,MOBILITY_AWARE,60,12.4360,8077324.95,144962700.00,17,0,0.9234,0.8855,0.0289,0.5590,0.9027,yes
vehicular,9,NHI_STATIC,60,12.4360,8078575.98,145388100.00,25,0,0.9230,0.8814,0.0266,0.4330,0.8785,yes
vehicular,9,NHI_DYNAMIC,60,12.4360,8078457.02,144369600.00,24,0,0.9226,0.8814,0.0265,0.4330,0.8818,yes
degraded_fleet,9,ROUND_ROBIN,60,12.4360,8080061.26,146487300.00,48,0,0.8632,0.7326,0.0791,0.4330,0.7281,yes
degraded_fleet,9,LEAST_LOADED,60,12.4360,8170000.89,143775600.00,48,0,0.8632,0.7326,0.0791,0.4330,0.7281,yes
degraded_fleet,9,LATENCY_ONLY,60,12.4360,7824598.21,336465200.00,50,0,0.8460,0.7326,0.0758,3.8649,0.7223,yes
degraded_fleet,9,MOBILITY_AWARE,60,12.4360,8088744.24,144980100.00,12,0,0.8609,0.7326,0.0776,0.7500,0.8324,yes
degraded_fleet,9,NHI_STATIC,60,12.4350,8042386.89,168320200.00,19,0,0.8510,0.7326,0.0622,2.4109,0.8045,yes
degraded_fleet,9,NHI_DYNAMIC,60,12.4360,8278223.44,147059400.00,17,0,0.8513,0.7326,0.0625,2.2500,0.8100,yes
static,10,ROUND_ROBIN,60,12.4360,8331134.47,148212900.00,0,0,0.9269,0.8666,0.0319,0.4330,0.9581,yes
static,10,LEAST_LOADED,60,12.4360,8331234.76,144732600.00,0,0,0.9269,0.8666,0.0319,0.4330,0.9581,yes
static,10,LATENCY_ONLY,60,12.4283,7891539.11,346900100.00,0,0,0.9107,0.7450,0.0730,3.8649,0.9576,yes
static,10,MOBILITY_AWARE,60,12.4360,8154551.67,144923400.00,0,0,0.9269,0.8666,0.0319,0.4330,0.9581,yes
static,10,NHI_STATIC,60,12.4360,8329911.80,147067200.00,0,0,0.9240,0.8723,0.0305,1.1990,0.9573,yes
static,10,NHI_DYNAMIC,60,12.4360,8190610.47,147675600.00,0,0,0.9240,0.8723,0.0305,1.1990,0.9573,yes
pedestrian,10,ROUND_ROBIN,60,12.4360,8331277.15,144215700.00,49,0,0.9269,0.8666,0.0319,0.4330,0.8149,yes
pedestrian,10,LEAST_LOADED,60,12.4360,8117313.50,145734000.00,49,0,0.9269,0.8666,0.0319,0.4330,0.8149,yes
pedestrian,10,LATENCY_ONLY,60,12.4283,7928637.37,348468500.00,51,0,0.9107,0.7450,0.0730,3.8649,0.8231,yes
pedestrian,10,MOBILITY_AWARE,60,12.4360,8321605.18,145835700.00,15,0,0.9284,0.8886,0.0314,0.7500,0.9147,yes
pedestrian,10,NHI_STATIC,60,12.4360,8219198.61,149449500.00,30,0,0.9283,0.8886,0.0287,0.7500,0.8709,yes
pedestrian,10,NHI_DYNAMIC,60,12.4360,8330418.15,147356400.00,19,0,0.9246,0.8766,0.0322,0.9014,0.9028,yes
vehicular,10,ROUND_ROBIN,60,12.4360,8294232.59,146132100.00,48,0,0.9269,0.8666,0.0319,0.4330,0.8169,yes
vehicular,10,LEAST_LOADED,60,12.4360,8331226.30,146110800.00,48,0,0.9269,0.8666,0.0319,0.4330,0.8169,yes
vehicular,10,LATENCY_ONLY,60,12.4283,7956772.84,345962000.00,51,0,0.9107,0.7450,0.0730,3.8649,0.8239,yes
vehicular,10,MOBILITY_AWARE,60,12.4360,8331022.85,147061200.00,17,0,0.9273,0.8886,0.0313,0.5590,0.9083,yes
vehicular,10,NHI_STATIC,60,12.4360,8331126.01,145063500.00,29,0,0.9267,0.8886,0.0282,0.4330,0.8731,yes
vehicular,10,NHI_DYNAMIC,60,12.4360,8329148.86,145543800.00,18,0,0.9263,0.8878,0.0312,1.5612,0.9042,yes
degraded_fleet,10,ROUND_ROBIN,60,12.4360,8086398.16,144980700.00,49,0,0.8213,0.7326,0.0673,0.4330,0.6943,yes
degraded_fleet,10,LEAST_LOADED,60,12.4360,8114202.91,145441500.00,49,0,0.8213,0.7326,0.0673,0.4330,0.6943,yes
degraded_fleet,10,LATENCY_ONLY,60,12.4200,7824243.35,347194000.00,52,0,0.8219,0.7285,0.0777,3.8649,0.6956,yes
degraded_fleet,10,MOBILITY_AWARE,60,12.4360,8178741.22,144996000.00,15,0,0.8188,0.7326,0.0657,0.7500,0.7940,yes
degraded_fleet,10,NHI_STATIC,60,12.4360,8104978.22,146660700.00,28,0,0.8223,0.7326,0.0672,0.4330,0.7546,yes
degraded_fleet,10,NHI_DYNAMIC,60,12.4360,8077015.04,144524100.00,22,0,0.8215,0.7326,0.0672,0.4330,0.7726,yes
