topology,scenario,seed,policy,decisions,avg_latency_ms,total_energy,network_usage,migrations,cloud_fallbacks,mean_soh,min_soh,soh_spread,load_imbalance,mean_reliability,lstm_ok
dense_urban,static,1,ROUND_ROBIN,60,12.4360,8114218.86,143194500.00,0,0,0.9289,0.8956,0.0279,0.4330,0.9610,yes
dense_urban,static,1,LEAST_LOADED,60,12.4360,8132805.05,143148300.00,0,0,0.9289,0.8956,0.0279,0.4330,0.9610,yes
dense_urban,static,1,LATENCY_ONLY,60,12.4500,7826811.77,323590700.00,0,0,0.9140,0.8245,0.0596,3.8649,0.9600,yes
dense_urban,static,1,MOBILITY_AWARE,60,12.4360,8123555.45,145406100.00,0,0,0.9289,0.8956,0.0279,0.4330,0.9610,yes
dense_urban,static,1,NHI_STATIC,60,12.4360,8176993.00,144134100.00,0,0,0.9188,0.8460,0.0349,1.9203,0.9595,yes
dense_urban,static,1,NHI_DYNAMIC,60,12.4360,8074342.44,143696100.00,0,0,0.9192,0.8460,0.0349,1.9203,0.9595,yes
dense_urban,pedestrian,1,ROUND_ROBIN,60,12.4360,8086311.19,145538100.00,49,0,0.9289,0.8956,0.0279,0.4330,0.8184,yes
dense_urban,pedestrian,1,LEAST_LOADED,60,12.4360,8104810.83,143093100.00,49,0,0.9289,0.8956,0.0279,0.4330,0.8184,yes
dense_urban,pedestrian,1,LATENCY_ONLY,60,12.4500,7826833.40,322678700.00,47,0,0.9140,0.8245,0.0596,3.8649,0.8346,yes
dense_urban,pedestrian,1,MOBILITY_AWARE,60,12.4360,8113886.27,145693500.00,13,0,0.9275,0.8886,0.0293,0.6614,0.9237,yes
dense_urban,pedestrian,1,NHI_STATIC,60,12.4360,8132147.69,143417700.00,20,0,0.9238,0.8956,0.0270,0.9014,0.9033,yes
dense_urban,pedestrian,1,NHI_DYNAMIC,60,12.4360,8085019.98,141626400.00,14,0,0.9240,0.8869,0.0257,1.1456,0.9210,yes
dense_urban,vehicular,1,ROUND_ROBIN,60,12.4360,8123576.61,143867700.00,48,0,0.9289,0.8956,0.0279,0.4330,0.8198,yes
dense_urban,vehicular,1,LEAST_LOADED,60,12.4360,8142161.82,142867200.00,48,0,0.9289,0.8956,0.0279,0.4330,0.8198,yes
dense_urban,vehicular,1,LATENCY_ONLY,60,12.4500,7826513.06,320894300.00,50,0,0.9140,0.8245,0.0596,3.8649,0.8281,yes
dense_urban,vehicular,1,MOBILITY_AWARE,60,12.4360,8104826.97,145686600.00,17,0,0.9297,0.8956,0.0280,0.5590,0.9111,yes
dense_urban,vehicular,1,NHI_STATIC,60,12.4360,8121201.44,144750300.00,19,0,0.9190,0.8609,0.0304,1.6394,0.9056,yes
dense_urban,vehicular,1,NHI_DYNAMIC,60,12.4360,8074997.54,145294800.00,19,0,0.9194,0.8609,0.0296,1.6008,0.9053,yes
dense_urban,degraded_fleet,1,ROUND_ROBIN,60,12.4360,8331130.24,145766100.00,49,0,0.8214,0.7326,0.0768,0.4330,0.6836,yes
dense_urban,degraded_fleet,1,LEAST_LOADED,60,12.4360,8331131.65,143419500.00,49,0,0.8214,0.7326,0.0768,0.4330,0.6836,yes
dense_urban,degraded_fleet,1,LATENCY_ONLY,60,12.4360,8038039.69,338145900.00,52,0,0.8170,0.7326,0.0656,3.8649,0.6803,yes
dense_urban,degraded_fleet,1,MOBILITY_AWARE,60,12.4360,8330727.57,143838300.00,13,0,0.8217,0.7326,0.0788,0.6614,0.7896,yes
dense_urban,degraded_fleet,1,NHI_STATIC,60,12.4360,8329359.36,148316400.00,17,0,0.8133,0.7326,0.0702,1.3919,0.7738,yes
dense_urban,degraded_fleet,1,NHI_DYNAMIC,60,12.4360,8329473.81,144873000.00,14,0,0.8117,0.7326,0.0666,1.3463,0.7820,yes
dense_urban,static,2,ROUND_ROBIN,60,12.4360,8330665.92,144185100.00,0,0,0.9216,0.8815,0.0277,0.4330,0.9477,yes
dense_urban,static,2,LEAST_LOADED,60,12.4360,8330769.03,145696500.00,0,0,0.9216,0.8815,0.0277,0.4330,0.9477,yes
dense_urban,static,2,LATENCY_ONLY,60,12.4432,8079558.73,332885800.00,0,0,0.9089,0.7323,0.0830,3.8649,0.9491,yes
dense_urban,static,2,MOBILITY_AWARE,60,12.4360,8330930.05,145431900.00,0,0,0.9216,0.8815,0.0277,0.4330,0.9477,yes
dense_urban,static,2,NHI_STATIC,60,12.4360,8330908.89,145773900.00,0,0,0.9216,0.8815,0.0241,0.4330,0.9476,yes
dense_urban,static,2,NHI_DYNAMIC,60,12.4360,8330760.57,145045500.00,0,0,0.9216,0.8815,0.0241,0.4330,0.9476,yes
dense_urban,pedestrian,2,ROUND_ROBIN,60,12.4360,8330921.58,148196100.00,47,0,0.9216,0.8815,0.0277,0.4330,0.8108,yes
dense_urban,pedestrian,2,LEAST_LOADED,60,12.4360,8330880.61,144066900.00,47,0,0.9216,0.8815,0.0277,0.4330,0.8108,yes
dense_urban,pedestrian,2,LATENCY_ONLY,60,12.4432,7862695.82,332632600.00,51,0,0.9089,0.7323,0.0830,3.8649,0.8137,yes
dense_urban,pedestrian,2,MOBILITY_AWARE,60,12.4360,8330718.13,143298600.00,14,0,0.9234,0.8574,0.0313,0.5590,0.9066,yes
dense_urban,pedestrian,2,NHI_STATIC,60,12.4360,8076962.38,146509800.00,27,0,0.9215,0.8574,0.0281,0.4330,0.8681,yes
dense_urban,pedestrian,2,NHI_DYNAMIC,60,12.4360,8330876.37,147852300.00,22,0,0.9216,0.8815,0.0241,0.4330,0.8828,yes
dense_urban,vehicular,2,ROUND_ROBIN,60,12.4360,8207289.81,146398800.00,48,0,0.9216,0.8815,0.0277,0.4330,0.8065,yes
dense_urban,vehicular,2,LEAST_LOADED,60,12.4360,8330817.06,148050000.00,48,0,0.9216,0.8815,0.0277,0.4330,0.8065,yes
dense_urban,vehicular,2,LATENCY_ONLY,60,12.4432,7900207.21,332584600.00,49,0,0.9089,0.7323,0.0830,3.8649,0.8212,yes
dense_urban,vehicular,2,MOBILITY_AWARE,60,12.4360,8330612.20,143382300.00,17,0,0.9192,0.8815,0.0282,0.5590,0.8981,yes
dense_urban,vehicular,2,NHI_STATIC,60,12.4360,8330776.08,144483600.00,29,0,0.9208,0.8574,0.0286,0.4330,0.8623,yes
dense_urban,vehicular,2,NHI_DYNAMIC,60,12.4360,8330858.03,147298800.00,24,0,0.9208,0.8574,0.0286,0.4330,0.8768,yes
dense_urban,degraded_fleet,2,ROUND_ROBIN,60,12.4360,8175054.21,145842600.00,47,0,0.8447,0.7326,0.0757,0.4330,0.7001,yes
dense_urban,degraded_fleet,2,LEAST_LOADED,60,12.4360,8330396.54,148248300.00,47,0,0.8447,0.7326,0.0757,0.4330,0.7001,yes
dense_urban,degraded_fleet,2,LATENCY_ONLY,60,12.4360,7824584.07,340368700.00,52,0,0.8417,0.7313,0.0801,3.8649,0.6941,yes
dense_urban,degraded_fleet,2,MOBILITY_AWARE,60,12.4360,8303188.48,146061600.00,14,0,0.8449,0.7326,0.0756,0.5590,0.7954,yes
dense_urban,degraded_fleet,2,NHI_STATIC,60,12.4360,8329199.76,148026900.00,20,0,0.8410,0.7326,0.0652,1.4361,0.7723,yes
dense_urban,degraded_fleet,2,NHI_DYNAMIC,60,12.4360,8080906.68,148757100.00,18,0,0.8380,0.7326,0.0599,1.6394,0.7762,yes
dense_urban,static,3,ROUND_ROBIN,60,12.4360,8092444.97,147084000.00,0,0,0.9294,0.8742,0.0291,0.4330,0.9492,yes
dense_urban,static,3,LEAST_LOADED,60,12.4360,8157708.36,144990000.00,0,0,0.9294,0.8742,0.0291,0.4330,0.9492,yes
dense_urban,static,3,LATENCY_ONLY,60,12.4432,7831221.00,334431400.00,0,0,0.9054,0.7695,0.0684,3.8649,0.9475,yes
dense_urban,static,3,MOBILITY_AWARE,60,12.4360,8092447.30,144163500.00,0,0,0.9294,0.8742,0.0291,0.4330,0.9492,yes
dense_urban,static,3,NHI_STATIC,60,12.4350,8071462.85,171250700.00,0,0,0.9156,0.8445,0.0418,2.2500,0.9474,yes
dense_urban,static,3,NHI_DYNAMIC,60,12.4350,8124107.72,172703600.00,0,0,0.9178,0.8525,0.0363,2.0767,0.9475,yes
dense_urban,pedestrian,3,ROUND_ROBIN,60,12.4360,8092405.96,147420000.00,47,0,0.9294,0.8742,0.0291,0.4330,0.8119,yes
dense_urban,pedestrian,3,LEAST_LOADED,60,12.4360,8092495.27,144876900.00,47,0,0.9294,0.8742,0.0291,0.4330,0.8119,yes
dense_urban,pedestrian,3,LATENCY_ONLY,60,12.4432,7824680.76,335547700.00,52,0,0.9054,0.7695,0.0684,3.8649,0.8105,yes
dense_urban,pedestrian,3,MOBILITY_AWARE,60,12.4360,8101305.67,147646200.00,7,0,0.9275,0.8742,0.0321,0.8292,0.9291,yes
dense_urban,pedestrian,3,NHI_STATIC,60,12.4360,8222922.86,146648100.00,20,0,0.9271,0.8898,0.0257,0.4330,0.8907,yes
dense_urban,pedestrian,3,NHI_DYNAMIC,60,12.4360,8082692.68,144602700.00,10,0,0.9235,0.8898,0.0271,0.7500,0.9210,yes
dense_urban,vehicular,3,ROUND_ROBIN,60,12.4360,8111206.03,146985900.00,48,0,0.9294,0.8742,0.0291,0.4330,0.8080,yes
dense_urban,vehicular,3,LEAST_LOADED,60,12.4360,8123565.33,146767200.00,48,0,0.9294,0.8742,0.0291,0.4330,0.8080,yes
dense_urban,vehicular,3,LATENCY_ONLY,60,12.4432,7843167.91,333564100.00,49,0,0.9054,0.7695,0.0684,3.8649,0.8180,yes
dense_urban,vehicular,3,MOBILITY_AWARE,60,12.4360,8083393.92,149701500.00,17,0,0.9285,0.8742,0.0301,0.5590,0.8993,yes
dense_urban,vehicular,3,NHI_STATIC,60,12.4360,8151418.60,147863400.00,27,0,0.9276,0.8898,0.0267,0.6614,0.8695,yes
dense_urban,vehicular,3,NHI_DYNAMIC,60,12.4360,8101370.41,145272600.00,21,0,0.9286,0.8898,0.0273,0.7500,0.8871,yes
dense_urban,degraded_fleet,3,ROUND_ROBIN,60,12.4360,8123539.48,145260900.00,47,0,0.8531,0.7326,0.0770,0.4330,0.7230,yes
dense_urban,degraded_fleet,3,LEAST_LOADED,60,12.4360,8331645.41,147337800.00,47,0,0.8531,0.7326,0.0770,0.4330,0.7230,yes
dense_urban,degraded_fleet,3,LATENCY_ONLY,60,12.4360,7824636.91,334360200.00,49,0,0.8460,0.7326,0.0710,3.8649,0.7244,yes
dense_urban,degraded_fleet,3,MOBILITY_AWARE,60,12.4360,8085841.39,143385600.00,7,0,0.8544,0.7326,0.0789,0.8292,0.8412,yes
dense_urban,degraded_fleet,3,NHI_STATIC,60,12.4389,8229388.91,163872900.00,13,0,0.8427,0.7326,0.0655,2.2500,0.8163,yes
dense_urban,degraded_fleet,3,NHI_DYNAMIC,60,12.4389,8134066.62,164002800.00,13,0,0.8424,0.7326,0.0635,1.8875,0.8172,yes
dense_urban,static,4,ROUND_ROBIN,60,12.4360,8101645.68,147750600.00,0,0,0.9256,0.8811,0.0283,0.4330,0.9555,yes
dense_urban,static,4,LEAST_LOADED,60,12.4360,8089398.75,145853700.00,0,0,0.9256,0.8811,0.0283,0.4330,0.9555,yes
dense_urban,static,4,LATENCY_ONLY,60,12.4283,7828833.35,347388400.00,0,0,0.9099,0.7593,0.0778,3.8649,0.9547,yes
dense_urban,static,4,MOBILITY_AWARE,60,12.4360,8101833.77,149728800.00,0,0,0.9256,0.8811,0.0283,0.4330,0.9555,yes
dense_urban,static,4,NHI_STATIC,60,12.4360,8331123.18,146100000.00,0,0,0.9261,0.8941,0.0253,0.4330,0.9554,yes
dense_urban,static,4,NHI_DYNAMIC,60,12.4360,8101854.90,147743700.00,0,0,0.9242,0.8918,0.0260,0.4330,0.9555,yes
dense_urban,pedestrian,4,ROUND_ROBIN,60,12.4360,8111077.23,147876300.00,51,0,0.9256,0.8811,0.0283,0.4330,0.8067,yes
dense_urban,pedestrian,4,LEAST_LOADED,60,12.4360,8092372.11,146574900.00,51,0,0.9256,0.8811,0.0283,0.4330,0.8067,yes
dense_urban,pedestrian,4,LATENCY_ONLY,60,12.4283,7826774.44,349642900.00,50,0,0.9099,0.7593,0.0778,3.8649,0.8238,yes
dense_urban,pedestrian,4,MOBILITY_AWARE,60,12.4360,8128743.37,146180700.00,14,0,0.9242,0.8583,0.0351,0.9682,0.9140,yes
dense_urban,pedestrian,4,NHI_STATIC,60,12.4360,8111039.14,146710500.00,29,0,0.9250,0.8811,0.0276,0.4330,0.8702,yes
dense_urban,pedestrian,4,NHI_DYNAMIC,60,12.4360,8129590.98,146006100.00,22,0,0.9242,0.8918,0.0260,0.4330,0.8914,yes
dense_urban,vehicular,4,ROUND_ROBIN,60,12.4360,8216638.15,149614500.00,48,0,0.9256,0.8811,0.0283,0.4330,0.8143,yes
dense_urban,vehicular,4,LEAST_LOADED,60,12.4360,8139015.01,147226800.00,48,0,0.9256,0.8811,0.0283,0.4330,0.8143,yes
dense_urban,vehicular,4,LATENCY_ONLY,60,12.4283,7830493.08,348097600.00,49,0,0.9099,0.7593,0.0778,3.8649,0.8251,yes
dense_urban,vehicular,4,MOBILITY_AWARE,60,12.4360,8144922.32,145971900.00,17,0,0.9269,0.8811,0.0257,0.5590,0.9057,yes
dense_urban,vehicular,4,NHI_STATIC,60,12.4360,8092467.54,146476800.00,31,0,0.9261,0.8941,0.0253,0.4330,0.8641,yes
dense_urban,vehicular,4,NHI_DYNAMIC,60,12.4360,8101190.49,145471500.00,22,0,0.9234,0.8786,0.0284,0.8292,0.8911,yes
dense_urban,degraded_fleet,4,ROUND_ROBIN,60,12.4360,8197852.16,144054900.00,51,0,0.8694,0.7563,0.0680,0.4330,0.7285,yes
dense_urban,degraded_fleet,4,LEAST_LOADED,60,12.4360,8331491.45,143219100.00,51,0,0.8694,0.7563,0.0680,0.4330,0.7285,yes
dense_urban,degraded_fleet,4,LATENCY_ONLY,60,12.4360,7824946.75,334631700.00,53,0,0.8686,0.7477,0.0833,3.8649,0.7368,yes
dense_urban,degraded_fleet,4,MOBILITY_AWARE,60,12.4360,8076201.29,146645700.00,14,0,0.8661,0.7563,0.0673,0.9682,0.8345,yes
dense_urban,degraded_fleet,4,NHI_STATIC,60,12.4360,8185625.47,146124000.00,27,0,0.8678,0.7563,0.0663,0.4330,0.7975,yes
dense_urban,degraded_fleet,4,NHI_DYNAMIC,60,12.4360,8188043.47,142757700.00,20,0,0.8697,0.7770,0.0617,0.9014,0.8156,yes
dense_urban,static,5,ROUND_ROBIN,60,12.4360,8078707.61,145821300.00,0,0,0.9298,0.8666,0.0313,0.4330,0.9522,yes
dense_urban,static,5,LEAST_LOADED,60,12.4360,8078579.27,145855800.00,0,0,0.9298,0.8666,0.0313,0.4330,0.9522,yes
dense_urban,static,5,LATENCY_ONLY,60,12.4360,7825311.05,342188500.00,0,0,0.9091,0.7450,0.0758,3.8649,0.9522,yes
dense_urban,static,5,MOBILITY_AWARE,60,12.4360,8078907.90,148167900.00,0,0,0.9298,0.8666,0.0313,0.4330,0.9522,yes
dense_urban,static,5,NHI_STATIC,60,12.4360,8078748.52,147489900.00,0,0,0.9334,0.8886,0.0272,0.4330,0.9522,yes
dense_urban,static,5,NHI_DYNAMIC,60,12.4360,8329420.10,150239700.00,0,0,0.9330,0.8886,0.0252,0.4330,0.9522,yes
dense_urban,pedestrian,5,ROUND_ROBIN,60,12.4360,8078749.47,148281300.00,46,0,0.9298,0.8666,0.0313,0.4330,0.8183,yes
dense_urban,pedestrian,5,LEAST_LOADED,60,12.4360,8329613.63,147609000.00,46,0,0.9298,0.8666,0.0313,0.4330,0.8183,yes
dense_urban,pedestrian,5,LATENCY_ONLY,60,12.4360,7825335.99,344178400.00,47,0,0.9091,0.7450,0.0758,3.8649,0.8288,yes
dense_urban,pedestrian,5,MOBILITY_AWARE,60,12.4360,8078015.94,147354900.00,13,0,0.9296,0.8666,0.0360,0.7500,0.9155,yes
dense_urban,pedestrian,5,NHI_STATIC,60,12.4360,8078763.12,149119500.00,25,0,0.9334,0.8886,0.0267,0.4330,0.8793,yes
dense_urban,pedestrian,5,NHI_DYNAMIC,60,12.4360,8329215.20,149568000.00,20,0,0.9303,0.8886,0.0293,0.6614,0.8953,yes
dense_urban,vehicular,5,ROUND_ROBIN,60,12.4360,8078733.92,144434400.00,48,0,0.9298,0.8666,0.0313,0.4330,0.8110,yes
dense_urban,vehicular,5,LEAST_LOADED,60,12.4360,8078716.11,147936000.00,48,0,0.9298,0.8666,0.0313,0.4330,0.8110,yes
dense_urban,vehicular,5,LATENCY_ONLY,60,12.4360,7822300.37,342364600.00,48,0,0.9091,0.7450,0.0758,3.8649,0.8270,yes
dense_urban,vehicular,5,MOBILITY_AWARE,60,12.4360,8078553.08,149232900.00,17,0,0.9310,0.8666,0.0306,0.5590,0.9025,yes
dense_urban,vehicular,5,NHI_STATIC,60,12.4360,8255613.08,147034800.00,26,0,0.9316,0.8886,0.0264,0.4330,0.8761,yes
dense_urban,vehicular,5,NHI_DYNAMIC,60,12.4360,8078862.76,146036700.00,23,0,0.9316,0.8886,0.0264,0.4330,0.8839,yes
dense_urban,degraded_fleet,5,ROUND_ROBIN,60,12.4360,8076951.10,143477400.00,46,0,0.8371,0.7326,0.0725,0.4330,0.7226,yes
dense_urban,degraded_fleet,5,LEAST_LOADED,60,12.4360,8076797.36,142079700.00,46,0,0.8371,0.7326,0.0725,0.4330,0.7226,yes
dense_urban,degraded_fleet,5,LATENCY_ONLY,60,12.4283,7824375.72,342194300.00,52,0,0.8318,0.7384,0.0702,3.8649,0.7146,yes
dense_urban,degraded_fleet,5,MOBILITY_AWARE,60,12.4360,8076337.93,144794700.00,13,0,0.8326,0.7326,0.0719,0.7500,0.8194,yes
dense_urban,degraded_fleet,5,NHI_STATIC,60,12.4360,8074910.86,141782100.00,18,0,0.8264,0.7447,0.0547,1.4361,0.8003,yes
dense_urban,degraded_fleet,5,NHI_DYNAMIC,60,12.4360,8073670.51,144940200.00,15,0,0.8256,0.7447,0.0518,1.9843,0.8073,yes
dense_urban,static,6,ROUND_ROBIN,60,12.4360,8083477.95,148682100.00,0,0,0.9236,0.8830,0.0251,0.4330,0.9529,yes
dense_urban,static,6,LEAST_LOADED,60,12.4360,8331638.35,145975200.00,0,0,0.9236,0.8830,0.0251,0.4330,0.9529,yes
dense_urban,static,6,LATENCY_ONLY,60,12.4283,7863626.12,344177300.00,0,0,0.9150,0.7769,0.0689,3.8649,0.9537,yes
dense_urban,static,6,MOBILITY_AWARE,60,12.4360,8083348.20,147145200.00,0,0,0.9236,0.8830,0.0251,0.4330,0.9529,yes
dense_urban,static,6,NHI_STATIC,60,12.4360,8101836.07,144131700.00,0,0,0.9234,0.8956,0.0213,0.4330,0.9528,yes
dense_urban,static,6,NHI_DYNAMIC,60,12.4360,8278650.33,144430200.00,0,0,0.9239,0.8956,0.0200,0.4330,0.9529,yes
dense_urban,pedestrian,6,ROUND_ROBIN,60,12.4360,8120670.02,145531200.00,49,0,0.9236,0.8830,0.0251,0.4330,0.8094,yes
dense_urban,pedestrian,6,LEAST_LOADED,60,12.4360,8157733.75,144882900.00,49,0,0.9236,0.8830,0.0251,0.4330,0.8094,yes
dense_urban,pedestrian,6,LATENCY_ONLY,60,12.4283,7867815.20,344008400.00,48,0,0.9150,0.7769,0.0689,3.8649,0.8267,yes
dense_urban,pedestrian,6,MOBILITY_AWARE,60,12.4360,8138920.16,145849500.00,12,0,0.9249,0.8830,0.0271,0.5590,0.9183,yes
dense_urban,pedestrian,6,NHI_STATIC,60,12.4360,8120589.15,144483000.00,24,0,0.9250,0.8830,0.0230,0.4330,0.8825,yes
dense_urban,pedestrian,6,NHI_DYNAMIC,60,12.4360,8080148.70,145936800.00,15,0,0.9248,0.8830,0.0227,0.4330,0.9087,yes
dense_urban,vehicular,6,ROUND_ROBIN,60,12.4360,8331588.91,146586000.00,48,0,0.9236,0.8830,0.0251,0.4330,0.8117,yes
dense_urban,vehicular,6,LEAST_LOADED,60,12.4360,8111150.09,145246500.00,48,0,0.9236,0.8830,0.0251,0.4330,0.8117,yes
dense_urban,vehicular,6,LATENCY_ONLY,60,12.4283,7827176.08,344914100.00,47,0,0.9150,0.7769,0.0689,3.8649,0.8294,yes
dense_urban,vehicular,6,MOBILITY_AWARE,60,12.4360,8092519.37,146280600.00,17,0,0.9233,0.8956,0.0274,0.5590,0.9031,yes
dense_urban,vehicular,6,NHI_STATIC,60,12.4360,8080167.95,144204600.00,29,0,0.9237,0.8956,0.0224,0.4330,0.8678,yes
dense_urban,vehicular,6,NHI_DYNAMIC,60,12.4360,8157697.56,147423000.00,23,0,0.9237,0.8956,0.0224,0.4330,0.8852,yes
dense_urban,degraded_fleet,6,ROUND_ROBIN,60,12.4360,8331477.34,144827100.00,49,0,0.8312,0.7326,0.0835,0.4330,0.6954,yes
dense_urban,degraded_fleet,6,LEAST_LOADED,60,12.4360,8331782.44,145569300.00,49,0,0.8312,0.7326,0.0835,0.4330,0.6954,yes
dense_urban,degraded_fleet,6,LATENCY_ONLY,60,12.4283,7828121.26,344848900.00,46,0,0.8320,0.7326,0.0834,3.8649,0.7155,yes
dense_urban,degraded_fleet,6,MOBILITY_AWARE,60,12.4360,8331276.71,149781600.00,12,0,0.8308,0.7326,0.0806,0.5590,0.8035,yes
dense_urban,degraded_fleet,6,NHI_STATIC,60,12.4360,8233226.15,145560600.00,19,0,0.8251,0.7326,0.0699,1.7854,0.7804,yes
dense_urban,degraded_fleet,6,NHI_DYNAMIC,60,12.4360,8330576.43,145955100.00,18,0,0.8265,0.7326,0.0737,1.1456,0.7839,yes
dense_urban,static,7,ROUND_ROBIN,60,12.4360,8083161.52,144249000.00,0,0,0.9292,0.8666,0.0346,0.4330,0.9542,yes
dense_urban,static,7,LEAST_LOADED,60,12.4360,8157572.04,147122400.00,0,0,0.9292,0.8666,0.0346,0.4330,0.9542,yes
dense_urban,static,7,LATENCY_ONLY,60,12.4432,7856310.61,331621200.00,0,0,0.9087,0.7927,0.0725,3.8649,0.9551,yes
dense_urban,static,7,MOBILITY_AWARE,60,12.4360,8331384.10,146734800.00,0,0,0.9292,0.8666,0.0346,0.4330,0.9542,yes
dense_urban,static,7,NHI_STATIC,60,12.4360,8185480.20,146527200.00,0,0,0.9290,0.8830,0.0323,0.4330,0.9540,yes
dense_urban,static,7,NHI_DYNAMIC,60,12.4360,8083235.83,146958300.00,0,0,0.9295,0.8830,0.0293,0.4330,0.9540,yes
dense_urban,pedestrian,7,ROUND_ROBIN,60,12.4360,8176175.13,146515200.00,52,0,0.9292,0.8666,0.0346,0.4330,0.8036,yes
dense_urban,pedestrian,7,LEAST_LOADED,60,12.4360,8083193.97,145524300.00,52,0,0.9292,0.8666,0.0346,0.4330,0.8036,yes
dense_urban,pedestrian,7,LATENCY_ONLY,60,12.4432,7827655.43,330235500.00,54,0,0.9087,0.7927,0.0725,3.8649,0.8114,yes
dense_urban,pedestrian,7,MOBILITY_AWARE,60,12.4360,8101671.53,144856500.00,16,0,0.9285,0.8666,0.0371,0.4330,0.9080,yes
dense_urban,pedestrian,7,NHI_STATIC,60,12.4360,8101657.92,146501700.00,24,0,0.9291,0.8830,0.0339,0.4330,0.8836,yes
dense_urban,pedestrian,7,NHI_DYNAMIC,60,12.4360,8129645.54,148069800.00,22,0,0.9299,0.8830,0.0311,0.4330,0.8895,yes
dense_urban,vehicular,7,ROUND_ROBIN,60,12.4360,8213425.04,147473700.00,48,0,0.9292,0.8666,0.0346,0.4330,0.8130,yes
dense_urban,vehicular,7,LEAST_LOADED,60,12.4360,8077015.53,148391400.00,48,0,0.9292,0.8666,0.0346,0.4330,0.8130,yes
dense_urban,vehicular,7,LATENCY_ONLY,60,12.4432,7830795.68,330684900.00,49,0,0.9087,0.7927,0.0725,3.8649,0.8274,yes
dense_urban,vehicular,7,MOBILITY_AWARE,60,12.4360,8101370.29,143603700.00,17,0,0.9287,0.8830,0.0339,0.5590,0.9045,yes
dense_urban,vehicular,7,NHI_STATIC,60,12.4360,8222838.70,148413900.00,28,0,0.9284,0.8830,0.0313,0.4330,0.8717,yes
dense_urban,vehicular,7,NHI_DYNAMIC,60,12.4360,8156459.92,146188500.00,20,0,0.9319,0.8855,0.0279,1.0897,0.8952,yes
dense_urban,degraded_fleet,7,ROUND_ROBIN,60,12.4360,8331401.03,143775000.00,52,0,0.8715,0.7827,0.0701,0.4330,0.7311,yes
dense_urban,degraded_fleet,7,LEAST_LOADED,60,12.4360,8272390.07,144808200.00,52,0,0.8715,0.7827,0.0701,0.4330,0.7311,yes
dense_urban,degraded_fleet,7,LATENCY_ONLY,60,12.4432,7918620.45,331753000.00,54,0,0.8721,0.7477,0.0779,3.8649,0.7412,yes
dense_urban,degraded_fleet,7,MOBILITY_AWARE,60,12.4360,8331485.80,148154400.00,16,0,0.8715,0.7827,0.0701,0.4330,0.8349,yes
dense_urban,degraded_fleet,7,NHI_STATIC,60,12.4360,8329638.91,145987800.00,18,0,0.8685,0.7827,0.0573,1.6008,0.8233,yes
dense_urban,degraded_fleet,7,NHI_DYNAMIC,60,12.4360,8329497.65,146616300.00,16,0,0.8658,0.7827,0.0580,1.5207,0.8290,yes
dense_urban,static,8,ROUND_ROBIN,60,12.4360,8111015.15,146146800.00,0,0,0.9247,0.8855,0.0265,0.4330,0.9561,yes
dense_urban,static,8,LEAST_LOADED,60,12.4360,8331273.94,147408000.00,0,0,0.9247,0.8855,0.0265,0.4330,0.9561,yes
dense_urban,static,8,LATENCY_ONLY,60,12.4360,7832452.92,340565100.00,0,0,0.9085,0.8070,0.0612,3.8649,0.9564,yes
dense_urban,static,8,MOBILITY_AWARE,60,12.4360,8157573.91,145850400.00,0,0,0.9247,0.8855,0.0265,0.4330,0.9561,yes
dense_urban,static,8,NHI_STATIC,60,12.4360,8129637.07,147581400.00,0,0,0.9233,0.8886,0.0235,0.4330,0.9561,yes
dense_urban,static,8,NHI_DYNAMIC,60,12.4360,8185451.52,148314000.00,0,0,0.9233,0.8886,0.0235,0.4330,0.9561,yes
dense_urban,pedestrian,8,ROUND_ROBIN,60,12.4360,8191691.57,146548800.00,49,0,0.9247,0.8855,0.0265,0.4330,0.8137,yes
dense_urban,pedestrian,8,LEAST_LOADED,60,12.4360,8312882.24,147671400.00,49,0,0.9247,0.8855,0.0265,0.4330,0.8137,yes
dense_urban,pedestrian,8,LATENCY_ONLY,60,12.4360,7831841.47,340122000.00,50,0,0.9085,0.8070,0.0612,3.8649,0.8232,yes
dense_urban,pedestrian,8,MOBILITY_AWARE,60,12.4360,8169410.76,144024300.00,10,0,0.9220,0.8666,0.0277,0.7500,0.9271,yes
dense_urban,pedestrian,8,NHI_STATIC,60,12.4360,8101764.64,148490100.00,21,0,0.9233,0.8886,0.0235,0.4330,0.8948,yes
dense_urban,pedestrian,8,NHI_DYNAMIC,60,12.4360,8330481.30,146345700.00,11,0,0.9220,0.8886,0.0253,0.8292,0.9238,yes
dense_urban,vehicular,8,ROUND_ROBIN,60,12.4360,8120438.73,146982300.00,48,0,0.9247,0.8855,0.0265,0.4330,0.8149,yes
dense_urban,vehicular,8,LEAST_LOADED,60,12.4360,8331432.13,146486400.00,48,0,0.9247,0.8855,0.0265,0.4330,0.8149,yes
dense_urban,vehicular,8,LATENCY_ONLY,60,12.4360,7831882.84,340289400.00,49,0,0.9085,0.8070,0.0612,3.8649,0.8263,yes
dense_urban,vehicular,8,MOBILITY_AWARE,60,12.4360,8331180.65,146698500.00,17,0,0.9239,0.8886,0.0260,0.5590,0.9063,yes
dense_urban,vehicular,8,NHI_STATIC,60,12.4360,8194786.22,147479700.00,30,0,0.9231,0.8886,0.0249,0.4330,0.8680,yes
dense_urban,vehicular,8,NHI_DYNAMIC,60,12.4360,8182255.46,148544700.00,24,0,0.9237,0.8666,0.0279,0.5590,0.8857,yes
dense_urban,degraded_fleet,8,ROUND_ROBIN,60,12.4360,8079920.19,142338900.00,49,0,0.8933,0.7326,0.0652,0.4330,0.7756,yes
dense_urban,degraded_fleet,8,LEAST_LOADED,60,12.4360,8135854.09,145942200.00,49,0,0.8933,0.7326,0.0652,0.4330,0.7756,yes
dense_urban,degraded_fleet,8,LATENCY_ONLY,60,12.4360,7827483.57,336361800.00,55,0,0.8829,0.7326,0.0943,3.8649,0.7699,yes
dense_urban,degraded_fleet,8,MOBILITY_AWARE,60,12.4360,8153814.85,145707000.00,10,0,0.8958,0.7326,0.0678,0.7500,0.8904,yes
dense_urban,degraded_fleet,8,NHI_STATIC,60,12.4360,8191705.19,144163200.00,19,0,0.8971,0.7326,0.0645,0.4330,0.8618,yes
dense_urban,degraded_fleet,8,NHI_DYNAMIC,60,12.4360,8172898.68,147027600.00,16,0,0.8983,0.7326,0.0645,0.6614,0.8706,yes
dense_urban,static,9,ROUND_ROBIN,60,12.4360,8078553.41,145610700.00,0,0,0.9206,0.8704,0.0296,0.4330,0.9528,yes
dense_urban,static,9,LEAST_LOADED,60,12.4360,8078732.08,147879000.00,0,0,0.9206,0.8704,0.0296,0.4330,0.9528,yes
dense_urban,static,9,LATENCY_ONLY,60,12.4360,7824909.42,339449400.00,0,0,0.9041,0.7457,0.0859,3.8649,0.9516,yes
dense_urban,static,9,MOBILITY_AWARE,60,12.4360,8077586.24,146783400.00,0,0,0.9206,0.8704,0.0296,0.4330,0.9528,yes
dense_urban,static,9,NHI_STATIC,60,12.4360,8078566.11,145231200.00,0,0,0.9219,0.8814,0.0300,0.4330,0.9523,yes
dense_urban,static,9,NHI_DYNAMIC,60,12.4360,8075592.78,147200700.00,0,0,0.9219,0.8814,0.0300,0.4330,0.9523,yes
dense_urban,pedestrian,9,ROUND_ROBIN,60,12.4360,8078593.37,144996300.00,48,0,0.9206,0.8704,0.0296,0.4330,0.8130,yes
dense_urban,pedestrian,9,LEAST_LOADED,60,12.4360,8078591.50,147041100.00,48,0,0.9206,0.8704,0.0296,0.4330,0.8130,yes
dense_urban,pedestrian,9,LATENCY_ONLY,60,12.4360,7825183.20,341117100.00,51,0,0.9041,0.7457,0.0859,3.8649,0.8160,yes
dense_urban,pedestrian,9,MOBILITY_AWARE,60,12.4360,8078083.19,147661200.00,12,0,0.9222,0.8666,0.0331,0.7500,0.9182,yes
dense_urban,pedestrian,9,NHI_STATIC,60,12.4360,8078727.39,148563300.00,25,0,0.9213,0.8814,0.0308,0.4330,0.8806,yes
dense_urban,pedestrian,9,NHI_DYNAMIC,60,12.4360,8078496.98,144398100.00,21,0,0.9234,0.8814,0.0287,0.4330,0.8917,yes
dense_urban,vehicular,9,ROUND_ROBIN,60,12.4360,8078713.28,147878100.00,48,0,0.9206,0.8704,0.0296,0.4330,0.8116,yes
dense_urban,vehicular,9,LEAST_LOADED,60,12.4360,8078754.65,148096500.00,48,0,0.9206,0.8704,0.0296,0.4330,0.8116,yes
dense_urban,vehicular,9,LATENCY_ONLY,60,12.4360,7824960.96,338713800.00,50,0,0.9041,0.7457,0.0859,3.8649,0.8189,yes
dense_urban,vehicular,9,MOBILITY_AWARE,60,12.4360,8078449.64,145607400.00,17,0,0.9234,0.8855,0.0289,0.5590,0.9027,yes
dense_urban,vehicular,9,NHI_STATIC,60,12.4360,8075471.92,143287500.00,25,0,0.9230,0.8814,0.0266,0.4330,0.8785,yes
dense_urban,vehicular,9,NHI_DYNAMIC,60,12.4360,8075603.12,146876400.00,24,0,0.9226,0.8814,0.0265,0.4330,0.8818,yes
dense_urban,degraded_fleet,9,ROUND_ROBIN,60,12.4360,8331233.35,144890100.00,48,0,0.8632,0.7326,0.0791,0.4330,0.7281,yes
dense_urban,degraded_fleet,9,LEAST_LOADED,60,12.4360,8303450.23,144740100.00,48,0,0.8632,0.7326,0.0791,0.4330,0.7281,yes
dense_urban,degraded_fleet,9,LATENCY_ONLY,60,12.4360,7825667.26,336113900.00,50,0,0.8460,0.7326,0.0758,3.8649,0.7223,yes
dense_urban,degraded_fleet,9,MOBILITY_AWARE,60,12.4360,8113512.61,143576100.00,12,0,0.8609,0.7326,0.0776,0.7500,0.8324,yes
dense_urban,degraded_fleet,9,NHI_STATIC,60,12.4350,8061190.45,170466700.00,19,0,0.8510,0.7326,0.0622,2.4109,0.8045,yes
dense_urban,degraded_fleet,9,NHI_DYNAMIC,60,12.4360,8327585.67,145742400.00,17,0,0.8513,0.7326,0.0625,2.2500,0.8100,yes
dense_urban,static,10,ROUND_ROBIN,60,12.4360,8331082.21,146787900.00,0,0,0.9269,0.8666,0.0319,0.4330,0.9581,yes
dense_urban,static,10,LEAST_LOADED,60,12.4360,8331169.80,145731900.00,0,0,0.9269,0.8666,0.0319,0.4330,0.9581,yes
dense_urban,static,10,LATENCY_ONLY,60,12.4283,7825813.80,345464300.00,0,0,0.9107,0.7450,0.0730,3.8649,0.9576,yes
dense_urban,static,10,MOBILITY_AWARE,60,12.4360,8331236.17,151020300.00,0,0,0.9269,0.8666,0.0319,0.4330,0.9581,yes
dense_urban,static,10,NHI_STATIC,60,12.4360,8329907.57,145751100.00,0,0,0.9240,0.8723,0.0305,1.1990,0.9573,yes
dense_urban,static,10,NHI_DYNAMIC,60,12.4360,8329860.95,148115700.00,0,0,0.9240,0.8723,0.0305,1.1990,0.9573,yes
dense_urban,pedestrian,10,ROUND_ROBIN,60,12.4360,8331069.51,145295400.00,49,0,0.9269,0.8666,0.0319,0.4330,0.8149,yes
dense_urban,pedestrian,10,LEAST_LOADED,60,12.4360,8331024.30,148581600.00,49,0,0.9269,0.8666,0.0319,0.4330,0.8149,yes
dense_urban,pedestrian,10,LATENCY_ONLY,60,12.4283,8012996.16,346717700.00,51,0,0.9107,0.7450,0.0730,3.8649,0.8231,yes
dense_urban,pedestrian,10,MOBILITY_AWARE,60,12.4360,8256252.00,146844300.00,15,0,0.9284,0.8886,0.0314,0.7500,0.9147,yes
dense_urban,pedestrian,10,NHI_STATIC,60,12.4360,8181859.36,144817200.00,30,0,0.9283,0.8886,0.0287,0.7500,0.8709,yes
dense_urban,pedestrian,10,NHI_DYNAMIC,60,12.4360,8330319.27,145447800.00,19,0,0.9246,0.8766,0.0322,0.9014,0.9028,yes
dense_urban,vehicular,10,ROUND_ROBIN,60,12.4360,8117181.88,145546800.00,48,0,0.9269,0.8666,0.0319,0.4330,0.8169,yes
dense_urban,vehicular,10,LEAST_LOADED,60,12.4360,8331123.18,146429400.00,48,0,0.9269,0.8666,0.0319,0.4330,0.8169,yes
dense_urban,vehicular,10,LATENCY_ONLY,60,12.4283,7863625.12,347447600.00,51,0,0.9107,0.7450,0.0730,3.8649,0.8239,yes
dense_urban,vehicular,10,MOBILITY_AWARE,60,12.4360,8330979.05,147908100.00,17,0,0.9273,0.8886,0.0313,0.5590,0.9083,yes
dense_urban,vehicular,10,NHI_STATIC,60,12.4360,8089305.21,146796900.00,29,0,0.9267,0.8886,0.0282,0.4330,0.8731,yes
dense_urban,vehicular,10,NHI_DYNAMIC,60,12.4360,8329338.16,145038000.00,18,0,0.9263,0.8878,0.0312,1.5612,0.9042,yes
dense_urban,degraded_fleet,10,ROUND_ROBIN,60,12.4360,8104908.63,145689000.00,49,0,0.8213,0.7326,0.0673,0.4330,0.6943,yes
dense_urban,degraded_fleet,10,LEAST_LOADED,60,12.4360,8300435.04,143013600.00,49,0,0.8213,0.7326,0.0673,0.4330,0.6943,yes
dense_urban,degraded_fleet,10,LATENCY_ONLY,60,12.4200,7824483.73,346655800.00,52,0,0.8219,0.7285,0.0777,3.8649,0.6956,yes
dense_urban,degraded_fleet,10,MOBILITY_AWARE,60,12.4360,8318633.72,147087000.00,15,0,0.8188,0.7326,0.0657,0.7500,0.7940,yes
dense_urban,degraded_fleet,10,NHI_STATIC,60,12.4360,8104931.69,145335000.00,28,0,0.8223,0.7326,0.0672,0.4330,0.7546,yes
dense_urban,degraded_fleet,10,NHI_DYNAMIC,60,12.4360,8123424.26,142452300.00,22,0,0.8215,0.7326,0.0672,0.4330,0.7726,yes
sparse_suburban,static,1,ROUND_ROBIN,40,106.1132,5356746.80,83108700.00,0,0,0.8677,0.8383,0.0291,0.4714,0.9660,yes
sparse_suburban,static,1,LEAST_LOADED,40,106.1132,5356959.30,82657200.00,0,0,0.8677,0.8383,0.0291,0.4714,0.9660,yes
sparse_suburban,static,1,LATENCY_ONLY,40,201.8712,5325577.51,114244700.00,0,0,0.8632,0.8288,0.0398,2.9814,0.9649,yes
sparse_suburban,static,1,MOBILITY_AWARE,40,106.1132,5356848.34,81790800.00,0,0,0.8677,0.8383,0.0291,0.4714,0.9660,yes
sparse_suburban,static,1,NHI_STATIC,40,201.8712,5325567.45,114631400.00,0,0,0.8632,0.8288,0.0398,2.9814,0.9649,yes
sparse_suburban,static,1,NHI_DYNAMIC,40,201.8712,5325527.67,114409100.00,0,0,0.8632,0.8288,0.0398,2.9814,0.9649,yes
sparse_suburban,pedestrian,1,ROUND_ROBIN,40,106.1132,5356715.74,79196400.00,35,0,0.8677,0.8383,0.0291,0.4714,0.7113,yes
sparse_suburban,pedestrian,1,LEAST_LOADED,40,106.1132,5356749.59,79989300.00,35,0,0.8677,0.8383,0.0291,0.4714,0.7113,yes
sparse_suburban,pedestrian,1,LATENCY_ONLY,40,201.8712,5325467.96,113582600.00,34,0,0.8632,0.8288,0.0398,2.9814,0.7289,yes
sparse_suburban,pedestrian,1,MOBILITY_AWARE,40,78.3842,5357120.86,86673200.00,11,0,0.8656,0.8383,0.0302,0.4714,0.8898,yes
sparse_suburban,pedestrian,1,NHI_STATIC,40,90.3130,5356865.03,81973000.00,15,0,0.8696,0.8389,0.0247,1.3744,0.8651,yes
sparse_suburban,pedestrian,1,NHI_DYNAMIC,40,63.3942,5357150.25,86448000.00,12,0,0.8674,0.8389,0.0261,1.3744,0.8838,yes
sparse_suburban,vehicular,1,ROUND_ROBIN,40,106.1132,5356780.17,81989400.00,34,0,0.8677,0.8383,0.0291,0.4714,0.7185,yes
sparse_suburban,vehicular,1,LEAST_LOADED,40,106.1132,5356881.25,82014600.00,34,0,0.8677,0.8383,0.0291,0.4714,0.7185,yes
sparse_suburban,vehicular,1,LATENCY_ONLY,40,201.8712,5325591.62,114950000.00,35,0,0.8632,0.8288,0.0398,2.9814,0.7205,yes
sparse_suburban,vehicular,1,MOBILITY_AWARE,40,84.1345,5356996.90,83037000.00,16,0,0.8693,0.8383,0.0317,0.7454,0.8491,yes
sparse_suburban,vehicular,1,NHI_STATIC,40,85.1514,5357101.81,82337700.00,24,0,0.8698,0.8402,0.0197,1.3744,0.7926,yes
sparse_suburban,vehicular,1,NHI_DYNAMIC,40,58.4994,5357159.90,89313200.00,17,0,0.8698,0.8402,0.0190,0.7454,0.8414,yes
sparse_suburban,degraded_fleet,1,ROUND_ROBIN,40,106.1132,5356793.32,82278300.00,35,0,0.7836,0.7326,0.0451,0.4714,0.5657,yes
sparse_suburban,degraded_fleet,1,LEAST_LOADED,40,106.1132,5356834.27,85896000.00,35,0,0.7836,0.7326,0.0451,0.4714,0.5657,yes
sparse_suburban,degraded_fleet,1,LATENCY_ONLY,40,201.8712,5325836.92,115799600.00,34,0,0.7803,0.7326,0.0389,2.9814,0.5813,yes
sparse_suburban,degraded_fleet,1,MOBILITY_AWARE,40,78.3842,5360022.27,86411000.00,11,0,0.7872,0.7326,0.0519,0.4714,0.7463,yes
sparse_suburban,degraded_fleet,1,NHI_STATIC,40,63.3942,5360401.35,86253900.00,21,0,0.7820,0.7326,0.0409,0.9428,0.6664,yes
sparse_suburban,degraded_fleet,1,NHI_DYNAMIC,40,90.3130,5357026.22,83363200.00,17,0,0.7812,0.7326,0.0408,1.1055,0.6981,yes
sparse_suburban,static,2,ROUND_ROBIN,40,106.1132,5356726.10,82897800.00,0,0,0.8597,0.8268,0.0224,0.4714,0.9591,yes
sparse_suburban,static,2,LEAST_LOADED,40,106.1132,5356748.21,85025400.00,0,0,0.8597,0.8268,0.0224,0.4714,0.9591,yes
sparse_suburban,static,2,LATENCY_ONLY,40,201.8712,5326417.21,117103300.00,0,0,0.8571,0.7868,0.0505,2.9814,0.9604,yes
sparse_suburban,static,2,MOBILITY_AWARE,40,106.1132,5356712.94,83733900.00,0,0,0.8597,0.8268,0.0224,0.4714,0.9591,yes
sparse_suburban,static,2,NHI_STATIC,40,78.3842,5356979.82,87476900.00,0,0,0.8622,0.8268,0.0235,0.4714,0.9587,yes
sparse_suburban,static,2,NHI_DYNAMIC,40,78.3842,5356904.59,86925800.00,0,0,0.8622,0.8268,0.0235,0.4714,0.9587,yes
sparse_suburban,pedestrian,2,ROUND_ROBIN,40,106.1132,5355574.18,85293900.00,32,0,0.8597,0.8268,0.0224,0.4714,0.7252,yes
sparse_suburban,pedestrian,2,LEAST_LOADED,40,106.1132,5356664.52,83487300.00,32,0,0.8597,0.8268,0.0224,0.4714,0.7252,yes
sparse_suburban,pedestrian,2,LATENCY_ONLY,40,201.8712,5326302.49,115650700.00,37,0,0.8571,0.7868,0.0505,2.9814,0.7004,yes
sparse_suburban,pedestrian,2,MOBILITY_AWARE,40,78.3842,5375781.36,90359600.00,14,0,0.8590,0.8193,0.0293,0.4714,0.8590,yes
sparse_suburban,pedestrian,2,NHI_STATIC,40,78.3842,5356915.42,88511300.00,27,0,0.8622,0.8268,0.0235,0.4714,0.7644,yes
sparse_suburban,pedestrian,2,NHI_DYNAMIC,40,78.3842,5356954.92,88786100.00,20,0,0.8622,0.8268,0.0235,0.4714,0.8171,yes
sparse_suburban,vehicular,2,ROUND_ROBIN,40,106.1132,5356762.78,84238200.00,34,0,0.8597,0.8268,0.0224,0.4714,0.7116,yes
sparse_suburban,vehicular,2,LEAST_LOADED,40,106.1132,5356740.67,82378800.00,34,0,0.8597,0.8268,0.0224,0.4714,0.7116,yes
sparse_suburban,vehicular,2,LATENCY_ONLY,40,201.8712,5326690.43,117165700.00,35,0,0.8571,0.7868,0.0505,2.9814,0.7175,yes
sparse_suburban,vehicular,2,MOBILITY_AWARE,40,84.1345,5366451.05,87270300.00,16,0,0.8585,0.8268,0.0235,0.7454,0.8416,yes
sparse_suburban,vehicular,2,NHI_STATIC,40,78.3842,5356981.72,89904200.00,27,0,0.8622,0.8268,0.0235,0.4714,0.7645,yes
sparse_suburban,vehicular,2,NHI_DYNAMIC,40,58.4994,5357176.34,89727800.00,16,0,0.8607,0.8383,0.0181,0.7454,0.8416,yes
sparse_suburban,degraded_fleet,2,ROUND_ROBIN,40,106.1132,5358757.64,83942700.00,32,0,0.8219,0.7827,0.0356,0.4714,0.6237,yes
sparse_suburban,degraded_fleet,2,LEAST_LOADED,40,106.1132,5358707.35,84709200.00,32,0,0.8219,0.7827,0.0356,0.4714,0.6237,yes
sparse_suburban,degraded_fleet,2,LATENCY_ONLY,40,220.4522,5323663.60,108083500.00,33,0,0.8267,0.7644,0.0727,2.9814,0.6305,yes
sparse_suburban,degraded_fleet,2,MOBILITY_AWARE,40,78.3842,5359052.30,92817800.00,14,0,0.8196,0.7827,0.0342,0.4714,0.7560,yes
sparse_suburban,degraded_fleet,2,NHI_STATIC,40,53.9238,5359332.33,95519500.00,23,0,0.8173,0.7827,0.0312,0.4714,0.6921,yes
sparse_suburban,degraded_fleet,2,NHI_DYNAMIC,40,54.2328,5359196.53,93701200.00,15,0,0.8123,0.7827,0.0309,0.9428,0.7459,yes
sparse_suburban,static,3,ROUND_ROBIN,40,106.1132,5356975.28,84775500.00,0,0,0.8634,0.8288,0.0241,0.4714,0.9647,yes
sparse_suburban,static,3,LEAST_LOADED,40,106.1132,5356881.25,84481800.00,0,0,0.8634,0.8288,0.0241,0.4714,0.9647,yes
sparse_suburban,static,3,LATENCY_ONLY,40,220.4522,5327346.46,106801000.00,0,0,0.8558,0.8288,0.0221,2.9814,0.9624,yes
sparse_suburban,static,3,MOBILITY_AWARE,40,106.1132,5356761.83,84072600.00,0,0,0.8634,0.8288,0.0241,0.4714,0.9647,yes
sparse_suburban,static,3,NHI_STATIC,40,54.2328,5360565.24,96061000.00,0,0,0.8658,0.8288,0.0338,0.9428,0.9648,yes
sparse_suburban,static,3,NHI_DYNAMIC,40,220.4522,5327427.79,106561300.00,0,0,0.8558,0.8288,0.0221,2.9814,0.9624,yes
sparse_suburban,pedestrian,3,ROUND_ROBIN,40,106.1132,5356980.46,87093300.00,32,0,0.8634,0.8288,0.0241,0.4714,0.7348,yes
sparse_suburban,pedestrian,3,LEAST_LOADED,40,106.1132,5356922.16,85896600.00,32,0,0.8634,0.8288,0.0241,0.4714,0.7348,yes
sparse_suburban,pedestrian,3,LATENCY_ONLY,40,220.4522,5327354.46,107708500.00,36,0,0.8558,0.8288,0.0221,2.9814,0.7084,yes
sparse_suburban,pedestrian,3,MOBILITY_AWARE,40,58.4994,5357129.32,90948800.00,10,0,0.8618,0.7990,0.0355,0.7454,0.8952,yes
sparse_suburban,pedestrian,3,NHI_STATIC,40,100.7632,5359974.39,84571100.00,24,0,0.8642,0.8445,0.0185,0.9428,0.7959,yes
sparse_suburban,pedestrian,3,NHI_DYNAMIC,40,78.3842,5357016.04,90656000.00,17,0,0.8640,0.8288,0.0215,0.4714,0.8467,yes
sparse_suburban,vehicular,3,ROUND_ROBIN,40,106.1132,5356839.88,84481500.00,34,0,0.8634,0.8288,0.0241,0.4714,0.7172,yes
sparse_suburban,vehicular,3,LEAST_LOADED,40,106.1132,5356679.09,84111000.00,34,0,0.8634,0.8288,0.0241,0.4714,0.7172,yes
sparse_suburban,vehicular,3,LATENCY_ONLY,40,220.4522,5327403.81,106349500.00,36,0,0.8558,0.8288,0.0221,2.9814,0.7128,yes
sparse_suburban,vehicular,3,MOBILITY_AWARE,40,84.1345,5357016.65,86382600.00,16,0,0.8619,0.8288,0.0227,0.7454,0.8476,yes
sparse_suburban,vehicular,3,NHI_STATIC,40,115.1156,5359366.14,78818500.00,18,0,0.8657,0.8288,0.0200,1.7951,0.8336,yes
sparse_suburban,vehicular,3,NHI_DYNAMIC,40,115.1156,5359462.53,80218900.00,18,0,0.8657,0.8288,0.0200,1.7951,0.8336,yes
sparse_suburban,degraded_fleet,3,ROUND_ROBIN,40,106.1132,5369520.30,84951300.00,32,0,0.8032,0.7326,0.0476,0.4714,0.6208,yes
sparse_suburban,degraded_fleet,3,LEAST_LOADED,40,106.1132,5369398.52,83789700.00,32,0,0.8032,0.7326,0.0476,0.4714,0.6208,yes
sparse_suburban,degraded_fleet,3,LATENCY_ONLY,40,220.4522,5325261.09,105436900.00,34,0,0.8149,0.7326,0.0826,2.9814,0.6182,yes
sparse_suburban,degraded_fleet,3,MOBILITY_AWARE,40,58.4994,5357192.35,91600700.00,10,0,0.8006,0.7326,0.0457,0.7454,0.7796,yes
sparse_suburban,degraded_fleet,3,NHI_STATIC,40,78.3842,5611898.50,89357300.00,26,0,0.7990,0.7326,0.0412,0.4714,0.6617,yes
sparse_suburban,degraded_fleet,3,NHI_DYNAMIC,40,58.4994,5357370.03,90701600.00,17,0,0.7973,0.7326,0.0384,0.7454,0.7305,yes
sparse_suburban,static,4,ROUND_ROBIN,40,106.1132,5356767.01,84834900.00,0,0,0.8774,0.8366,0.0300,0.4714,0.9625,yes
sparse_suburban,static,4,LEAST_LOADED,40,106.1132,5356899.56,82244700.00,0,0,0.8774,0.8366,0.0300,0.4714,0.9625,yes
sparse_suburban,static,4,LATENCY_ONLY,40,220.4522,5328371.56,106759600.00,0,0,0.8622,0.7593,0.0675,2.9814,0.9615,yes
sparse_suburban,static,4,MOBILITY_AWARE,40,106.1132,5356825.31,85828200.00,0,0,0.8774,0.8366,0.0300,0.4714,0.9625,yes
sparse_suburban,static,4,NHI_STATIC,40,84.1345,5356986.56,87363300.00,0,0,0.8774,0.8150,0.0413,0.7454,0.9624,yes
sparse_suburban,static,4,NHI_DYNAMIC,40,78.3842,5357096.42,89499500.00,0,0,0.8786,0.8366,0.0321,0.4714,0.9625,yes
sparse_suburban,pedestrian,4,ROUND_ROBIN,40,106.1132,5356812.15,86172900.00,36,0,0.8774,0.8366,0.0300,0.4714,0.7013,yes
sparse_suburban,pedestrian,4,LEAST_LOADED,40,106.1132,5356815.90,83516100.00,36,0,0.8774,0.8366,0.0300,0.4714,0.7013,yes
sparse_suburban,pedestrian,4,LATENCY_ONLY,40,220.4522,5326654.29,107022400.00,36,0,0.8622,0.7593,0.0675,2.9814,0.7062,yes
sparse_suburban,pedestrian,4,MOBILITY_AWARE,40,100.7632,5357073.44,85238900.00,17,0,0.8759,0.8397,0.0321,0.9428,0.8440,yes
sparse_suburban,pedestrian,4,NHI_STATIC,40,78.3842,5356929.03,87551000.00,32,0,0.8775,0.8366,0.0339,0.4714,0.7306,yes
sparse_suburban,pedestrian,4,NHI_DYNAMIC,40,84.1345,5357127.60,86808000.00,22,0,0.8761,0.8150,0.0372,0.9428,0.8076,yes
sparse_suburban,vehicular,4,ROUND_ROBIN,40,106.1132,5356926.85,84509100.00,34,0,0.8774,0.8366,0.0300,0.4714,0.7150,yes
sparse_suburban,vehicular,4,LEAST_LOADED,40,106.1132,5356724.20,81807900.00,34,0,0.8774,0.8366,0.0300,0.4714,0.7150,yes
sparse_suburban,vehicular,4,LATENCY_ONLY,40,220.4522,5326783.09,106306600.00,38,0,0.8622,0.7593,0.0675,2.9814,0.6951,yes
sparse_suburban,vehicular,4,MOBILITY_AWARE,40,84.1345,5357074.49,88375200.00,16,0,0.8783,0.8366,0.0358,0.7454,0.8455,yes
sparse_suburban,vehicular,4,NHI_STATIC,40,78.3842,5356990.18,90209900.00,26,0,0.8775,0.8366,0.0339,0.4714,0.7742,yes
sparse_suburban,vehicular,4,NHI_DYNAMIC,40,84.1345,5356923.57,87122100.00,22,0,0.8777,0.8397,0.0269,0.9428,0.8029,yes
sparse_suburban,degraded_fleet,4,ROUND_ROBIN,40,106.1132,5356810.71,80055000.00,36,0,0.8207,0.7477,0.0505,0.4714,0.6203,yes
sparse_suburban,degraded_fleet,4,LEAST_LOADED,40,106.1132,5357004.90,82984500.00,36,0,0.8207,0.7477,0.0505,0.4714,0.6203,yes
sparse_suburban,degraded_fleet,4,LATENCY_ONLY,40,201.8712,5324734.64,113866600.00,36,0,0.8253,0.7477,0.0760,2.9814,0.6357,yes
sparse_suburban,degraded_fleet,4,MOBILITY_AWARE,40,100.7632,5355488.52,83618000.00,17,0,0.8233,0.7477,0.0535,0.9428,0.7639,yes
sparse_suburban,degraded_fleet,4,NHI_STATIC,40,53.9238,5357463.45,92694100.00,25,0,0.8174,0.7477,0.0453,0.4714,0.7014,yes
sparse_suburban,degraded_fleet,4,NHI_DYNAMIC,40,53.9238,5357439.96,93933400.00,21,0,0.8174,0.7477,0.0453,0.4714,0.7292,yes
sparse_suburban,static,5,ROUND_ROBIN,40,106.1132,5358741.20,84028500.00,0,0,0.8735,0.8193,0.0410,0.4714,0.9576,yes
sparse_suburban,static,5,LEAST_LOADED,40,106.1132,5358863.45,84732900.00,0,0,0.8735,0.8193,0.0410,0.4714,0.9576,yes
sparse_suburban,static,5,LATENCY_ONLY,40,201.8712,5324180.16,116677800.00,0,0,0.8627,0.7450,0.0624,2.9814,0.9581,yes
sparse_suburban,static,5,MOBILITY_AWARE,40,106.1132,5358798.09,84474300.00,0,0,0.8735,0.8193,0.0410,0.4714,0.9576,yes
sparse_suburban,static,5,NHI_STATIC,40,78.3842,5358934.75,88835600.00,0,0,0.8734,0.8193,0.0341,0.4714,0.9579,yes
sparse_suburban,static,5,NHI_DYNAMIC,40,78.3842,5358926.29,88394300.00,0,0,0.8734,0.8193,0.0341,0.4714,0.9579,yes
sparse_suburban,pedestrian,5,ROUND_ROBIN,40,106.1132,5358786.81,84229800.00,36,0,0.8735,0.8193,0.0410,0.4714,0.6958,yes
sparse_suburban,pedestrian,5,LEAST_LOADED,40,106.1132,5358618.96,83584800.00,36,0,0.8735,0.8193,0.0410,0.4714,0.6958,yes
sparse_suburban,pedestrian,5,LATENCY_ONLY,40,201.8712,5324135.01,114977100.00,35,0,0.8627,0.7450,0.0624,2.9814,0.7124,yes
sparse_suburban,pedestrian,5,MOBILITY_AWARE,40,100.7632,5358618.87,83203700.00,16,0,0.8722,0.8193,0.0425,0.9428,0.8467,yes
sparse_suburban,pedestrian,5,NHI_STATIC,40,73.7346,5358922.45,90779800.00,20,0,0.8717,0.8193,0.0303,0.7454,0.8147,yes
sparse_suburban,pedestrian,5,NHI_DYNAMIC,40,73.7346,5358850.50,89629000.00,18,0,0.8718,0.8193,0.0375,0.7454,0.8323,yes
sparse_suburban,vehicular,5,ROUND_ROBIN,40,106.1132,5358922.21,84448200.00,34,0,0.8735,0.8193,0.0410,0.4714,0.7101,yes
sparse_suburban,vehicular,5,LEAST_LOADED,40,106.1132,5358806.56,84302100.00,34,0,0.8735,0.8193,0.0410,0.4714,0.7101,yes
sparse_suburban,vehicular,5,LATENCY_ONLY,40,201.8712,5324132.68,116922300.00,35,0,0.8627,0.7450,0.0624,2.9814,0.7142,yes
sparse_suburban,vehicular,5,MOBILITY_AWARE,40,84.1345,5358911.87,86201100.00,16,0,0.8734,0.8193,0.0424,0.7454,0.8405,yes
sparse_suburban,vehicular,5,NHI_STATIC,40,78.3842,5358966.25,88652000.00,25,0,0.8734,0.8193,0.0341,0.4714,0.7759,yes
sparse_suburban,vehicular,5,NHI_DYNAMIC,40,54.2328,5359242.16,96340900.00,17,0,0.8717,0.8193,0.0321,0.9428,0.8346,yes
sparse_suburban,degraded_fleet,5,ROUND_ROBIN,40,106.1132,5355544.56,84078300.00,36,0,0.7762,0.7326,0.0476,0.4714,0.5726,yes
sparse_suburban,degraded_fleet,5,LEAST_LOADED,40,106.1132,5355481.57,84989100.00,36,0,0.7762,0.7326,0.0476,0.4714,0.5726,yes
sparse_suburban,degraded_fleet,5,LATENCY_ONLY,40,201.8712,5322681.19,115407000.00,36,0,0.7727,0.7326,0.0382,2.9814,0.5739,yes
sparse_suburban,degraded_fleet,5,MOBILITY_AWARE,40,100.7632,5355520.02,84984500.00,16,0,0.7717,0.7326,0.0391,0.9428,0.7191,yes
sparse_suburban,degraded_fleet,5,NHI_STATIC,40,79.2409,5455759.70,85089800.00,22,0,0.7717,0.7326,0.0391,1.1055,0.6741,yes
sparse_suburban,degraded_fleet,5,NHI_DYNAMIC,40,100.7632,5355521.89,84583400.00,20,0,0.7717,0.7326,0.0391,0.9428,0.6887,yes
sparse_suburban,static,6,ROUND_ROBIN,40,106.1132,5356822.00,82700400.00,0,0,0.8624,0.8396,0.0127,0.4714,0.9617,yes
sparse_suburban,static,6,LEAST_LOADED,40,106.1132,5356932.99,85754100.00,0,0,0.8624,0.8396,0.0127,0.4714,0.9617,yes
sparse_suburban,static,6,LATENCY_ONLY,40,220.4522,5326637.38,104716600.00,0,0,0.8618,0.8104,0.0560,2.9814,0.9626,yes
sparse_suburban,static,6,MOBILITY_AWARE,40,106.1132,5359871.99,83246100.00,0,0,0.8624,0.8396,0.0127,0.4714,0.9617,yes
sparse_suburban,static,6,NHI_STATIC,40,78.3842,5357048.94,89169200.00,0,0,0.8653,0.8558,0.0088,0.4714,0.9614,yes
sparse_suburban,static,6,NHI_DYNAMIC,40,78.3842,5357039.07,88897700.00,0,0,0.8653,0.8558,0.0088,0.4714,0.9614,yes
sparse_suburban,pedestrian,6,ROUND_ROBIN,40,106.1132,5356787.22,83498100.00,32,0,0.8624,0.8396,0.0127,0.4714,0.7311,yes
sparse_suburban,pedestrian,6,LEAST_LOADED,40,106.1132,5356793.82,84560100.00,32,0,0.8624,0.8396,0.0127,0.4714,0.7311,yes
sparse_suburban,pedestrian,6,LATENCY_ONLY,40,220.4522,5327469.05,107667700.00,36,0,0.8618,0.8104,0.0560,2.9814,0.7101,yes
sparse_suburban,pedestrian,6,MOBILITY_AWARE,40,63.3942,5357211.30,88856700.00,11,0,0.8673,0.8460,0.0151,1.1055,0.8825,yes
sparse_suburban,pedestrian,6,NHI_STATIC,40,63.3942,5357349.98,88359000.00,19,0,0.8673,0.8460,0.0151,1.1055,0.8262,yes
sparse_suburban,pedestrian,6,NHI_DYNAMIC,40,63.3942,5357302.04,89399700.00,14,0,0.8673,0.8460,0.0151,1.1055,0.8607,yes
sparse_suburban,vehicular,6,ROUND_ROBIN,40,106.1132,5356818.26,84462300.00,34,0,0.8624,0.8396,0.0127,0.4714,0.7142,yes
sparse_suburban,vehicular,6,LEAST_LOADED,40,106.1132,5356789.09,82798500.00,34,0,0.8624,0.8396,0.0127,0.4714,0.7142,yes
sparse_suburban,vehicular,6,LATENCY_ONLY,40,220.4522,5326588.66,106126600.00,33,0,0.8618,0.8104,0.0560,2.9814,0.7283,yes
sparse_suburban,vehicular,6,MOBILITY_AWARE,40,84.1345,5357176.49,85646700.00,16,0,0.8641,0.8396,0.0168,0.7454,0.8446,yes
sparse_suburban,vehicular,6,NHI_STATIC,40,78.3842,5357113.34,89328200.00,24,0,0.8653,0.8558,0.0088,0.4714,0.7883,yes
sparse_suburban,vehicular,6,NHI_DYNAMIC,40,84.1345,5357005.85,88166400.00,17,0,0.8671,0.8497,0.0128,0.9428,0.8363,yes
sparse_suburban,degraded_fleet,6,ROUND_ROBIN,40,106.1132,5356910.38,83297100.00,32,0,0.7847,0.7326,0.0605,0.4714,0.6067,yes
sparse_suburban,degraded_fleet,6,LEAST_LOADED,40,106.1132,5356959.30,85143000.00,32,0,0.7847,0.7326,0.0605,0.4714,0.6067,yes
sparse_suburban,degraded_fleet,6,LATENCY_ONLY,40,220.4522,5326905.79,106632100.00,34,0,0.7795,0.7326,0.0527,2.9814,0.5943,yes
sparse_suburban,degraded_fleet,6,MOBILITY_AWARE,40,63.3942,5357353.75,89666400.00,11,0,0.7887,0.7326,0.0698,1.1055,0.7594,yes
sparse_suburban,degraded_fleet,6,NHI_STATIC,40,84.1345,5357167.56,86203200.00,26,0,0.7844,0.7326,0.0607,0.9428,0.6496,yes
sparse_suburban,degraded_fleet,6,NHI_DYNAMIC,40,84.1345,5357266.77,89053500.00,20,0,0.7844,0.7326,0.0607,0.9428,0.6923,yes
sparse_suburban,static,7,ROUND_ROBIN,40,106.1132,5356747.26,82066800.00,0,0,0.8694,0.8383,0.0294,0.4714,0.9569,yes
sparse_suburban,static,7,LEAST_LOADED,40,106.1132,5356625.02,81446400.00,0,0,0.8694,0.8383,0.0294,0.4714,0.9569,yes
sparse_suburban,static,7,LATENCY_ONLY,40,201.8712,5323213.53,113422500.00,0,0,0.8629,0.7927,0.0611,2.9814,0.9568,yes
sparse_suburban,static,7,MOBILITY_AWARE,40,106.1132,5356737.85,80485500.00,0,0,0.8694,0.8383,0.0294,0.4714,0.9569,yes
sparse_suburban,static,7,NHI_STATIC,40,53.9238,5357277.76,93542200.00,0,0,0.8722,0.8240,0.0369,0.4714,0.9563,yes
sparse_suburban,static,7,NHI_DYNAMIC,40,53.9238,5357217.59,94451800.00,0,0,0.8722,0.8240,0.0369,0.4714,0.9563,yes
sparse_suburban,pedestrian,7,ROUND_ROBIN,40,106.1132,5356885.02,83359500.00,38,0,0.8694,0.8383,0.0294,0.4714,0.6826,yes
sparse_suburban,pedestrian,7,LEAST_LOADED,40,106.1132,5356752.90,82309800.00,38,0,0.8694,0.8383,0.0294,0.4714,0.6826,yes
sparse_suburban,pedestrian,7,LATENCY_ONLY,40,201.8712,5323152.41,113010300.00,35,0,0.8629,0.7927,0.0611,2.9814,0.7097,yes
sparse_suburban,pedestrian,7,MOBILITY_AWARE,40,58.4994,5357117.12,89132000.00,14,0,0.8718,0.8354,0.0407,0.7454,0.8559,yes
sparse_suburban,pedestrian,7,NHI_STATIC,40,53.9238,5357114.60,91350700.00,31,0,0.8722,0.8240,0.0369,0.4714,0.7337,yes
sparse_suburban,pedestrian,7,NHI_DYNAMIC,40,58.4994,5357161.77,89004200.00,17,0,0.8725,0.8354,0.0358,0.7454,0.8324,yes
sparse_suburban,vehicular,7,ROUND_ROBIN,40,106.1132,5351453.12,82320000.00,34,0,0.8694,0.8383,0.0294,0.4714,0.7094,yes
sparse_suburban,vehicular,7,LEAST_LOADED,40,106.1132,5356784.40,81796200.00,34,0,0.8694,0.8383,0.0294,0.4714,0.7094,yes
sparse_suburban,vehicular,7,LATENCY_ONLY,40,201.8712,5324103.69,111937500.00,35,0,0.8629,0.7927,0.0611,2.9814,0.7097,yes
sparse_suburban,vehicular,7,MOBILITY_AWARE,40,84.1345,5356908.51,83029500.00,16,0,0.8693,0.8383,0.0371,0.7454,0.8395,yes
sparse_suburban,vehicular,7,NHI_STATIC,40,78.3842,5354277.27,86377100.00,28,0,0.8700,0.8383,0.0365,0.4714,0.7545,yes
sparse_suburban,vehicular,7,NHI_DYNAMIC,40,58.4994,5357019.78,87743300.00,22,0,0.8704,0.8396,0.0340,0.7454,0.7976,yes
sparse_suburban,degraded_fleet,7,ROUND_ROBIN,40,106.1132,5356674.86,82772400.00,38,0,0.8305,0.7585,0.0454,0.4714,0.6338,yes
sparse_suburban,degraded_fleet,7,LEAST_LOADED,40,106.1132,5356885.94,82804500.00,38,0,0.8305,0.7585,0.0454,0.4714,0.6338,yes
sparse_suburban,degraded_fleet,7,LATENCY_ONLY,40,201.8712,5327325.44,116912000.00,39,0,0.8359,0.7477,0.0646,2.9814,0.6366,yes
sparse_suburban,degraded_fleet,7,MOBILITY_AWARE,40,58.4994,5369922.57,91225700.00,14,0,0.8322,0.7483,0.0536,0.7454,0.8083,yes
sparse_suburban,degraded_fleet,7,NHI_STATIC,40,106.1132,5356844.57,82978500.00,32,0,0.8305,0.7585,0.0454,0.4714,0.6769,yes
sparse_suburban,degraded_fleet,7,NHI_DYNAMIC,40,78.3842,5369618.87,90094100.00,24,0,0.8288,0.7483,0.0482,0.4714,0.7378,yes
sparse_suburban,static,8,ROUND_ROBIN,40,106.1132,5356734.11,84107100.00,0,0,0.8722,0.8366,0.0241,0.4714,0.9547,yes
sparse_suburban,static,8,LEAST_LOADED,40,106.1132,5356711.99,83392500.00,0,0,0.8722,0.8366,0.0241,0.4714,0.9547,yes
sparse_suburban,static,8,LATENCY_ONLY,40,220.4522,5326076.82,106505500.00,0,0,0.8627,0.8026,0.0586,2.9814,0.9546,yes
sparse_suburban,static,8,MOBILITY_AWARE,40,106.1132,5356707.30,83863800.00,0,0,0.8722,0.8366,0.0241,0.4714,0.9547,yes
sparse_suburban,static,8,NHI_STATIC,40,78.3842,5352934.93,88511900.00,0,0,0.8711,0.8486,0.0166,0.4714,0.9544,yes
sparse_suburban,static,8,NHI_DYNAMIC,40,78.3842,5356983.13,90024800.00,0,0,0.8711,0.8486,0.0166,0.4714,0.9544,yes
sparse_suburban,pedestrian,8,ROUND_ROBIN,40,106.1132,5356782.53,84306600.00,31,0,0.8722,0.8366,0.0241,0.4714,0.7340,yes
sparse_suburban,pedestrian,8,LEAST_LOADED,40,106.1132,5356761.37,84600000.00,31,0,0.8722,0.8366,0.0241,0.4714,0.7340,yes
sparse_suburban,pedestrian,8,LATENCY_ONLY,40,220.4522,5327095.62,107170900.00,35,0,0.8627,0.8026,0.0586,2.9814,0.7086,yes
sparse_suburban,pedestrian,8,MOBILITY_AWARE,40,58.4994,5357148.61,91407200.00,13,0,0.8728,0.8070,0.0378,0.7454,0.8622,yes
sparse_suburban,pedestrian,8,NHI_STATIC,40,106.1132,5356771.70,83136900.00,25,0,0.8722,0.8366,0.0241,0.4714,0.7733,yes
sparse_suburban,pedestrian,8,NHI_DYNAMIC,40,84.1345,5352855.63,84380700.00,13,0,0.8748,0.8366,0.0181,0.9428,0.8616,yes
sparse_suburban,vehicular,8,ROUND_ROBIN,40,106.1132,5356844.11,83787300.00,34,0,0.8722,0.8366,0.0241,0.4714,0.7071,yes
sparse_suburban,vehicular,8,LEAST_LOADED,40,106.1132,5356659.34,82253100.00,34,0,0.8722,0.8366,0.0241,0.4714,0.7071,yes
sparse_suburban,vehicular,8,LATENCY_ONLY,40,220.4522,5327055.85,107941000.00,36,0,0.8627,0.8026,0.0586,2.9814,0.7010,yes
sparse_suburban,vehicular,8,MOBILITY_AWARE,40,84.1345,5352980.69,84981600.00,16,0,0.8725,0.8366,0.0289,0.7454,0.8375,yes
sparse_suburban,vehicular,8,NHI_STATIC,40,106.1132,5356701.66,83085900.00,32,0,0.8722,0.8366,0.0241,0.4714,0.7241,yes
sparse_suburban,vehicular,8,NHI_DYNAMIC,40,84.1345,5357020.88,86141700.00,16,0,0.8735,0.8526,0.0153,0.9428,0.8373,yes
sparse_suburban,degraded_fleet,8,ROUND_ROBIN,40,106.1132,5358701.24,84145500.00,31,0,0.8500,0.7923,0.0391,0.4714,0.7099,yes
sparse_suburban,degraded_fleet,8,LEAST_LOADED,40,106.1132,5358614.27,83123400.00,31,0,0.8500,0.7923,0.0391,0.4714,0.7099,yes
sparse_suburban,degraded_fleet,8,LATENCY_ONLY,40,201.8712,5322894.54,116773800.00,32,0,0.8366,0.7384,0.0509,2.9814,0.6954,yes
sparse_suburban,degraded_fleet,8,MOBILITY_AWARE,40,58.4994,5359031.14,91629800.00,13,0,0.8480,0.7695,0.0603,0.7454,0.8384,yes
sparse_suburban,degraded_fleet,8,NHI_STATIC,40,58.4994,5359076.28,91747100.00,18,0,0.8463,0.7923,0.0450,0.7454,0.8006,yes
sparse_suburban,degraded_fleet,8,NHI_DYNAMIC,40,100.7632,5358531.89,82763000.00,15,0,0.8444,0.7950,0.0348,0.9428,0.8229,yes
sparse_suburban,static,9,ROUND_ROBIN,40,106.1132,5355366.84,83076600.00,0,0,0.8700,0.8383,0.0325,0.4714,0.9603,yes
sparse_suburban,static,9,LEAST_LOADED,40,106.1132,5355405.39,84033000.00,0,0,0.8700,0.8383,0.0325,0.4714,0.9603,yes
sparse_suburban,static,9,LATENCY_ONLY,40,201.8712,5322642.64,116448000.00,0,0,0.8594,0.7868,0.0645,2.9814,0.9609,yes
sparse_suburban,static,9,MOBILITY_AWARE,40,106.1132,5355385.64,83146200.00,0,0,0.8700,0.8383,0.0325,0.4714,0.9603,yes
sparse_suburban,static,9,NHI_STATIC,40,78.3842,5355594.24,90313700.00,0,0,0.8687,0.8383,0.0237,0.4714,0.9602,yes
sparse_suburban,static,9,NHI_DYNAMIC,40,78.3842,5355619.14,88625000.00,0,0,0.8687,0.8383,0.0237,0.4714,0.9602,yes
sparse_suburban,pedestrian,9,ROUND_ROBIN,40,106.1132,5355515.42,85901400.00,36,0,0.8700,0.8383,0.0325,0.4714,0.7022,yes
sparse_suburban,pedestrian,9,LEAST_LOADED,40,106.1132,5358388.59,81542400.00,36,0,0.8700,0.8383,0.0325,0.4714,0.7022,yes
sparse_suburban,pedestrian,9,LATENCY_ONLY,40,201.8712,5322721.61,115241100.00,37,0,0.8594,0.7868,0.0645,2.9814,0.7007,yes
sparse_suburban,pedestrian,9,MOBILITY_AWARE,40,78.3842,5355850.01,91130900.00,16,0,0.8697,0.8383,0.0302,0.4714,0.8483,yes
sparse_suburban,pedestrian,9,NHI_STATIC,40,78.3842,5355693.42,88884200.00,23,0,0.8687,0.8383,0.0237,0.4714,0.7931,yes
sparse_suburban,pedestrian,9,NHI_DYNAMIC,40,78.3842,5355667.57,89351300.00,24,0,0.8687,0.8383,0.0237,0.4714,0.7856,yes
sparse_suburban,vehicular,9,ROUND_ROBIN,40,106.1132,5355383.77,84030900.00,34,0,0.8700,0.8383,0.0325,0.4714,0.7128,yes
sparse_suburban,vehicular,9,LEAST_LOADED,40,106.1132,5355307.13,82991700.00,34,0,0.8700,0.8383,0.0325,0.4714,0.7128,yes
sparse_suburban,vehicular,9,LATENCY_ONLY,40,201.8712,5322710.81,117336300.00,38,0,0.8594,0.7868,0.0645,2.9814,0.6944,yes
sparse_suburban,vehicular,9,MOBILITY_AWARE,40,84.1345,5355635.30,87733500.00,16,0,0.8699,0.8383,0.0350,0.7454,0.8435,yes
sparse_suburban,vehicular,9,NHI_STATIC,40,78.3842,5358763.63,88694600.00,28,0,0.8687,0.8383,0.0237,0.4714,0.7570,yes
sparse_suburban,vehicular,9,NHI_DYNAMIC,40,58.4994,5357512.96,90580100.00,20,0,0.8676,0.8383,0.0204,0.7454,0.8144,yes
sparse_suburban,degraded_fleet,9,ROUND_ROBIN,40,106.1132,5356746.31,81846900.00,36,0,0.8210,0.7326,0.0571,0.4714,0.6210,yes
sparse_suburban,degraded_fleet,9,LEAST_LOADED,40,106.1132,5356645.23,81012600.00,36,0,0.8210,0.7326,0.0571,0.4714,0.6210,yes
sparse_suburban,degraded_fleet,9,LATENCY_ONLY,40,201.8712,5324193.63,116054700.00,35,0,0.8110,0.7326,0.0436,2.9814,0.6282,yes
sparse_suburban,degraded_fleet,9,MOBILITY_AWARE,40,78.3842,5356905.54,87483500.00,16,0,0.8225,0.7326,0.0609,0.4714,0.7673,yes
sparse_suburban,degraded_fleet,9,NHI_STATIC,40,73.7346,5356976.44,88965700.00,25,0,0.8146,0.7326,0.0511,0.7454,0.6936,yes
sparse_suburban,degraded_fleet,9,NHI_DYNAMIC,40,73.7346,5357014.53,89606800.00,21,0,0.8146,0.7326,0.0511,0.7454,0.7272,yes
sparse_suburban,static,10,ROUND_ROBIN,40,106.1132,5372226.57,80757600.00,0,0,0.8827,0.8394,0.0336,0.4714,0.9638,yes
sparse_suburban,static,10,LEAST_LOADED,40,106.1132,5362914.44,81733800.00,0,0,0.8827,0.8394,0.0336,0.4714,0.9638,yes
sparse_suburban,static,10,LATENCY_ONLY,40,220.4522,5324342.53,107333500.00,0,0,0.8714,0.8110,0.0420,2.9814,0.9615,yes
sparse_suburban,static,10,MOBILITY_AWARE,40,106.1132,5372299.47,82767600.00,0,0,0.8827,0.8394,0.0336,0.4714,0.9638,yes
sparse_suburban,static,10,NHI_STATIC,40,78.3842,5357049.43,91246400.00,0,0,0.8821,0.8558,0.0216,0.4714,0.9635,yes
sparse_suburban,static,10,NHI_DYNAMIC,40,78.3842,5372603.02,88786100.00,0,0,0.8821,0.8558,0.0216,0.4714,0.9635,yes
sparse_suburban,pedestrian,10,ROUND_ROBIN,40,106.1132,5372460.26,83802300.00,37,0,0.8827,0.8394,0.0336,0.4714,0.6955,yes
sparse_suburban,pedestrian,10,LEAST_LOADED,40,106.1132,5372336.15,84107400.00,37,0,0.8827,0.8394,0.0336,0.4714,0.6955,yes
sparse_suburban,pedestrian,10,LATENCY_ONLY,40,220.4522,5324320.15,106090600.00,38,0,0.8714,0.8110,0.0420,2.9814,0.6950,yes
sparse_suburban,pedestrian,10,MOBILITY_AWARE,40,84.1345,5388126.70,84816600.00,15,0,0.8833,0.8394,0.0384,0.7454,0.8546,yes
sparse_suburban,pedestrian,10,NHI_STATIC,40,78.3842,5356989.23,89082800.00,29,0,0.8821,0.8558,0.0216,0.4714,0.7538,yes
sparse_suburban,pedestrian,10,NHI_DYNAMIC,40,58.4994,5394645.40,90286400.00,18,0,0.8827,0.8553,0.0286,0.7454,0.8337,yes
sparse_suburban,vehicular,10,ROUND_ROBIN,40,106.1132,5372389.75,84106500.00,34,0,0.8827,0.8394,0.0336,0.4714,0.7163,yes
sparse_suburban,vehicular,10,LEAST_LOADED,40,106.1132,5372330.50,83300400.00,34,0,0.8827,0.8394,0.0336,0.4714,0.7163,yes
sparse_suburban,vehicular,10,LATENCY_ONLY,40,220.4522,5324207.32,106841800.00,35,0,0.8714,0.8110,0.0420,2.9814,0.7148,yes
sparse_suburban,vehicular,10,MOBILITY_AWARE,40,84.1345,5478957.87,87107100.00,16,0,0.8846,0.8394,0.0388,0.7454,0.8470,yes
sparse_suburban,vehicular,10,NHI_STATIC,40,84.1345,5400717.79,85874700.00,25,0,0.8820,0.8424,0.0253,0.9428,0.7806,yes
sparse_suburban,vehicular,10,NHI_DYNAMIC,40,84.1345,5356899.13,86560200.00,18,0,0.8820,0.8424,0.0253,0.9428,0.8307,yes
sparse_suburban,degraded_fleet,10,ROUND_ROBIN,40,106.1132,5356649.00,83505900.00,37,0,0.7887,0.7326,0.0582,0.4714,0.5767,yes
sparse_suburban,degraded_fleet,10,LEAST_LOADED,40,106.1132,5356707.76,83020800.00,37,0,0.7887,0.7326,0.0582,0.4714,0.5767,yes
sparse_suburban,degraded_fleet,10,LATENCY_ONLY,40,201.8712,5325000.99,117352200.00,37,0,0.7906,0.7326,0.0448,2.9814,0.5731,yes
sparse_suburban,degraded_fleet,10,MOBILITY_AWARE,40,84.1345,5360006.93,86648700.00,15,0,0.7865,0.7326,0.0565,0.7454,0.7338,yes
sparse_suburban,degraded_fleet,10,NHI_STATIC,40,49.8520,5601090.46,94673100.00,23,0,0.7827,0.7326,0.0487,0.7454,0.6750,yes
sparse_suburban,degraded_fleet,10,NHI_DYNAMIC,40,58.4994,5598004.56,92520200.00,19,0,0.7829,0.7326,0.0503,0.7454,0.7043,yes
highway_corridor,static,1,ROUND_ROBIN,50,12.5400,6640309.66,124483900.00,0,0,0.9069,0.8830,0.0216,0.0000,0.9676,yes
highway_corridor,static,1,LEAST_LOADED,50,12.5400,6686911.66,122355100.00,0,0,0.9069,0.8830,0.0216,0.0000,0.9676,yes
highway_corridor,static,1,LATENCY_ONLY,50,12.5400,6515719.04,216221700.00,0,0,0.8912,0.8389,0.0471,3.7148,0.9663,yes
highway_corridor,static,1,MOBILITY_AWARE,50,12.5400,6743062.78,125074300.00,0,0,0.9069,0.8830,0.0216,0.0000,0.9676,yes
highway_corridor,static,1,NHI_STATIC,50,12.5400,6715609.33,156511600.00,0,0,0.8950,0.8402,0.0322,2.7203,0.9658,yes
highway_corridor,static,1,NHI_DYNAMIC,50,12.5400,6578458.73,155567500.00,0,0,0.8950,0.8402,0.0322,2.7203,0.9658,yes
highway_corridor,pedestrian,1,ROUND_ROBIN,50,12.5400,6705570.26,124141300.00,46,0,0.9069,0.8830,0.0216,0.0000,0.7592,yes
highway_corridor,pedestrian,1,LEAST_LOADED,50,12.5400,6649514.11,122323000.00,46,0,0.9069,0.8830,0.0216,0.0000,0.7592,yes
highway_corridor,pedestrian,1,LATENCY_ONLY,50,12.5400,6515779.21,215868300.00,45,0,0.8912,0.8389,0.0471,3.7148,0.7751,yes
highway_corridor,pedestrian,1,MOBILITY_AWARE,50,12.5400,6638780.62,121405600.00,0,0,0.9035,0.8405,0.0364,1.6125,0.9674,yes
highway_corridor,pedestrian,1,NHI_STATIC,50,12.5400,6694683.09,123013300.00,10,0,0.9006,0.8583,0.0220,1.6733,0.9257,yes
highway_corridor,pedestrian,1,NHI_DYNAMIC,50,12.5400,6778821.28,121146400.00,5,0,0.9013,0.8583,0.0257,1.5492,0.9466,yes
highway_corridor,vehicular,1,ROUND_ROBIN,50,12.5400,6770986.00,123639400.00,46,0,0.9069,0.8830,0.0216,0.0000,0.7594,yes
highway_corridor,vehicular,1,LEAST_LOADED,50,12.5400,6867305.56,123410800.00,46,0,0.9069,0.8830,0.0216,0.0000,0.7594,yes
highway_corridor,vehicular,1,LATENCY_ONLY,50,12.5400,6516106.50,216103200.00,43,0,0.8912,0.8389,0.0471,3.7148,0.7848,yes
highway_corridor,vehicular,1,MOBILITY_AWARE,50,12.5400,6815881.02,124628500.00,0,0,0.9011,0.8150,0.0429,1.8974,0.9681,yes
highway_corridor,vehicular,1,NHI_STATIC,50,12.5400,6630763.85,122410900.00,32,0,0.9069,0.8830,0.0216,0.0000,0.8228,yes
highway_corridor,vehicular,1,NHI_DYNAMIC,50,12.5400,6704841.96,123764500.00,14,0,0.9026,0.8734,0.0202,1.0954,0.9078,yes
highway_corridor,degraded_fleet,1,ROUND_ROBIN,50,12.5400,6867183.08,123239500.00,46,0,0.7857,0.7326,0.0519,0.0000,0.5985,yes
highway_corridor,degraded_fleet,1,LEAST_LOADED,50,12.5400,6866992.38,123410800.00,46,0,0.7857,0.7326,0.0519,0.0000,0.5985,yes
highway_corridor,degraded_fleet,1,LATENCY_ONLY,50,12.5400,6647917.44,218174000.00,42,0,0.7837,0.7326,0.0475,3.7148,0.6209,yes
highway_corridor,degraded_fleet,1,MOBILITY_AWARE,50,12.5400,6865860.92,125314600.00,0,0,0.7887,0.7326,0.0469,1.6125,0.8033,yes
highway_corridor,degraded_fleet,1,NHI_STATIC,50,12.5400,6707873.68,125532700.00,18,0,0.7803,0.7326,0.0402,1.3416,0.7244,yes
highway_corridor,degraded_fleet,1,NHI_DYNAMIC,50,12.5400,6865704.14,122156500.00,11,0,0.7787,0.7326,0.0370,1.6125,0.7562,yes
highway_corridor,static,2,ROUND_ROBIN,50,12.5400,6668061.27,123788500.00,0,0,0.9009,0.8593,0.0276,0.0000,0.9550,yes
highway_corridor,static,2,LEAST_LOADED,50,12.5400,6808259.43,124385800.00,0,0,0.9009,0.8593,0.0276,0.0000,0.9550,yes
highway_corridor,static,2,LATENCY_ONLY,50,12.5400,6562306.20,222125800.00,0,0,0.8917,0.7868,0.0688,3.7148,0.9557,yes
highway_corridor,static,2,MOBILITY_AWARE,50,12.5400,6649554.57,126894400.00,0,0,0.9009,0.8593,0.0276,0.0000,0.9550,yes
highway_corridor,static,2,NHI_STATIC,50,12.5400,6705467.77,125056000.00,0,0,0.9009,0.8593,0.0276,0.0000,0.9550,yes
highway_corridor,static,2,NHI_DYNAMIC,50,12.5400,6612207.28,124714900.00,0,0,0.9009,0.8593,0.0276,0.0000,0.9550,yes
highway_corridor,pedestrian,2,ROUND_ROBIN,50,12.5400,6866779.49,124507600.00,45,0,0.9009,0.8593,0.0276,0.0000,0.7509,yes
highway_corridor,pedestrian,2,LEAST_LOADED,50,12.5400,6686807.76,123490000.00,45,0,0.9009,0.8593,0.0276,0.0000,0.7509,yes
highway_corridor,pedestrian,2,LATENCY_ONLY,50,12.5400,6770509.68,221543800.00,41,0,0.8917,0.7868,0.0688,3.7148,0.7811,yes
highway_corridor,pedestrian,2,MOBILITY_AWARE,50,12.5400,6750533.93,125426500.00,3,0,0.8967,0.8366,0.0454,2.0000,0.9412,yes
highway_corridor,pedestrian,2,NHI_STATIC,50,12.5400,6866960.32,122625100.00,27,0,0.9009,0.8593,0.0276,0.0000,0.8324,yes
highway_corridor,pedestrian,2,NHI_DYNAMIC,50,12.5400,6640127.29,124144900.00,21,0,0.9011,0.8593,0.0273,0.4472,0.8615,yes
highway_corridor,vehicular,2,ROUND_ROBIN,50,12.5400,6705394.41,125620900.00,46,0,0.9009,0.8593,0.0276,0.0000,0.7469,yes
highway_corridor,vehicular,2,LEAST_LOADED,50,12.5400,6640110.29,124009900.00,46,0,0.9009,0.8593,0.0276,0.0000,0.7469,yes
highway_corridor,vehicular,2,LATENCY_ONLY,50,12.5400,6770506.86,221390500.00,41,0,0.8917,0.7868,0.0688,3.7148,0.7827,yes
highway_corridor,vehicular,2,MOBILITY_AWARE,50,12.5400,6619747.06,123160900.00,0,0,0.8988,0.8110,0.0538,1.8974,0.9535,yes
highway_corridor,vehicular,2,NHI_STATIC,50,12.5400,6696167.39,123221200.00,27,0,0.9009,0.8593,0.0276,0.0000,0.8354,yes
highway_corridor,vehicular,2,NHI_DYNAMIC,50,12.5400,6630955.68,125743000.00,19,0,0.9009,0.8593,0.0276,0.0000,0.8688,yes
highway_corridor,degraded_fleet,2,ROUND_ROBIN,50,12.5400,6611023.41,129880900.00,45,0,0.8280,0.7326,0.0608,0.0000,0.6221,yes
highway_corridor,degraded_fleet,2,LEAST_LOADED,50,12.5400,6611029.51,128987200.00,45,0,0.8280,0.7326,0.0608,0.0000,0.6221,yes
highway_corridor,degraded_fleet,2,LATENCY_ONLY,50,12.5400,6515677.66,223161300.00,43,0,0.8280,0.7326,0.0828,3.7148,0.6489,yes
highway_corridor,degraded_fleet,2,MOBILITY_AWARE,50,12.5400,6609216.29,130737700.00,3,0,0.8270,0.7326,0.0584,2.0000,0.8087,yes
highway_corridor,degraded_fleet,2,NHI_STATIC,50,12.5400,6610295.47,126585400.00,22,0,0.8232,0.7326,0.0536,0.8944,0.7259,yes
highway_corridor,degraded_fleet,2,NHI_DYNAMIC,50,12.5400,6610222.71,129479800.00,17,0,0.8217,0.7326,0.0557,1.0954,0.7497,yes
highway_corridor,static,3,ROUND_ROBIN,50,12.5400,6612296.62,127099600.00,0,0,0.9045,0.8445,0.0320,0.0000,0.9522,yes
highway_corridor,static,3,LEAST_LOADED,50,12.5400,6612238.32,126980800.00,0,0,0.9045,0.8445,0.0320,0.0000,0.9522,yes
highway_corridor,static,3,LATENCY_ONLY,50,12.5400,6515810.22,219056400.00,0,0,0.8837,0.7695,0.0652,3.7148,0.9497,yes
highway_corridor,static,3,MOBILITY_AWARE,50,12.5400,6612175.33,127443100.00,0,0,0.9045,0.8445,0.0320,0.0000,0.9522,yes
highway_corridor,static,3,NHI_STATIC,50,12.5400,6610297.85,128183200.00,0,0,0.8973,0.8288,0.0394,2.0976,0.9504,yes
highway_corridor,static,3,NHI_DYNAMIC,50,12.5400,6579216.64,158587100.00,0,0,0.8941,0.8288,0.0360,2.4083,0.9502,yes
highway_corridor,pedestrian,3,ROUND_ROBIN,50,12.5400,6612242.55,126202000.00,41,0,0.9045,0.8445,0.0320,0.0000,0.7670,yes
highway_corridor,pedestrian,3,LEAST_LOADED,50,12.5400,6612276.87,126360400.00,41,0,0.9045,0.8445,0.0320,0.0000,0.7670,yes
highway_corridor,pedestrian,3,LATENCY_ONLY,50,12.5400,6514987.77,222021900.00,46,0,0.8837,0.7695,0.0652,3.7148,0.7548,yes
highway_corridor,pedestrian,3,MOBILITY_AWARE,50,12.5400,6611439.19,128700100.00,0,0,0.8996,0.7514,0.0577,1.4832,0.9519,yes
highway_corridor,pedestrian,3,NHI_STATIC,50,12.5400,6612306.49,126997600.00,28,0,0.9045,0.8445,0.0320,0.0000,0.8248,yes
highway_corridor,pedestrian,3,NHI_DYNAMIC,50,12.5400,6612263.71,127213300.00,16,0,0.9045,0.8445,0.0320,0.0000,0.8805,yes
highway_corridor,vehicular,3,ROUND_ROBIN,50,12.5400,6612206.33,124956700.00,46,0,0.9045,0.8445,0.0320,0.0000,0.7441,yes
highway_corridor,vehicular,3,LEAST_LOADED,50,12.5400,6612083.17,125163100.00,46,0,0.9045,0.8445,0.0320,0.0000,0.7441,yes
highway_corridor,vehicular,3,LATENCY_ONLY,50,12.5400,6515322.88,224141700.00,44,0,0.8837,0.7695,0.0652,3.7148,0.7626,yes
highway_corridor,vehicular,3,MOBILITY_AWARE,50,12.5400,6610719.37,127210300.00,0,0,0.8986,0.7695,0.0558,1.8974,0.9521,yes
highway_corridor,vehicular,3,NHI_STATIC,50,12.5400,6611210.58,124256800.00,20,0,0.9029,0.8614,0.0247,1.0954,0.8653,yes
highway_corridor,vehicular,3,NHI_DYNAMIC,50,12.5400,6611420.23,125844700.00,18,0,0.9045,0.8394,0.0361,1.0000,0.8733,yes
highway_corridor,degraded_fleet,3,ROUND_ROBIN,50,12.5400,6767987.74,124431100.00,41,0,0.8244,0.7326,0.0580,0.0000,0.6613,yes
highway_corridor,degraded_fleet,3,LEAST_LOADED,50,12.5400,6621715.47,124703200.00,41,0,0.8244,0.7326,0.0580,0.0000,0.6613,yes
highway_corridor,degraded_fleet,3,LATENCY_ONLY,50,12.5400,6544056.59,218142400.00,45,0,0.8243,0.7326,0.0668,3.7148,0.6540,yes
highway_corridor,degraded_fleet,3,MOBILITY_AWARE,50,12.5400,6626909.06,121163500.00,0,0,0.8300,0.7326,0.0634,1.4832,0.8470,yes
highway_corridor,degraded_fleet,3,NHI_STATIC,50,12.5400,6683252.76,125729200.00,18,0,0.8149,0.7326,0.0482,1.2649,0.7645,yes
highway_corridor,degraded_fleet,3,NHI_DYNAMIC,50,12.5400,6693146.72,127674700.00,16,0,0.8204,0.7326,0.0539,0.6325,0.7754,yes
highway_corridor,static,4,ROUND_ROBIN,50,12.5400,6615148.19,125078200.00,0,0,0.9050,0.8526,0.0304,0.0000,0.9592,yes
highway_corridor,static,4,LEAST_LOADED,50,12.5400,6615347.53,127315600.00,0,0,0.9050,0.8526,0.0304,0.0000,0.9592,yes
highway_corridor,static,4,LATENCY_ONLY,50,12.5400,6516989.94,224184200.00,0,0,0.8887,0.7593,0.0806,3.7148,0.9585,yes
highway_corridor,static,4,MOBILITY_AWARE,50,12.5400,6615251.64,126749500.00,0,0,0.9050,0.8526,0.0304,0.0000,0.9592,yes
highway_corridor,static,4,NHI_STATIC,50,12.5400,6615235.66,126957100.00,0,0,0.9050,0.8526,0.0304,0.0000,0.9592,yes
highway_corridor,static,4,NHI_DYNAMIC,50,12.5400,6615306.19,128512000.00,0,0,0.9050,0.8526,0.0304,0.0000,0.9592,yes
highway_corridor,pedestrian,4,ROUND_ROBIN,50,12.5400,6615308.53,127476100.00,44,0,0.9050,0.8526,0.0304,0.0000,0.7611,yes
highway_corridor,pedestrian,4,LEAST_LOADED,50,12.5400,6615303.34,126404800.00,44,0,0.9050,0.8526,0.0304,0.0000,0.7611,yes
highway_corridor,pedestrian,4,LATENCY_ONLY,50,12.5400,6517120.15,223666400.00,48,0,0.8887,0.7593,0.0806,3.7148,0.7553,yes
highway_corridor,pedestrian,4,MOBILITY_AWARE,50,12.5400,6613062.52,126290200.00,2,0,0.9006,0.8150,0.0529,2.1909,0.9488,yes
highway_corridor,pedestrian,4,NHI_STATIC,50,12.5400,6615314.17,127987300.00,22,0,0.9050,0.8526,0.0304,0.0000,0.8610,yes
highway_corridor,pedestrian,4,NHI_DYNAMIC,50,12.5400,6614526.26,128935300.00,15,0,0.9043,0.8634,0.0279,1.1832,0.8935,yes
highway_corridor,vehicular,4,ROUND_ROBIN,50,12.5400,6615317.45,126145000.00,46,0,0.9050,0.8526,0.0304,0.0000,0.7511,yes
highway_corridor,vehicular,4,LEAST_LOADED,50,12.5400,6615313.22,126197500.00,46,0,0.9050,0.8526,0.0304,0.0000,0.7511,yes
highway_corridor,vehicular,4,LATENCY_ONLY,50,12.5400,6516960.77,222587600.00,44,0,0.8887,0.7593,0.0806,3.7148,0.7718,yes
highway_corridor,vehicular,4,MOBILITY_AWARE,50,12.5400,6613625.48,125974300.00,0,0,0.9050,0.8150,0.0498,1.8974,0.9593,yes
highway_corridor,vehicular,4,NHI_STATIC,50,12.5400,6615219.19,124800100.00,28,0,0.9050,0.8526,0.0304,0.0000,0.8298,yes
highway_corridor,vehicular,4,NHI_DYNAMIC,50,12.5400,6614630.06,128006500.00,15,0,0.9046,0.8593,0.0377,1.0000,0.8934,yes
highway_corridor,degraded_fleet,4,ROUND_ROBIN,50,12.5400,6612151.84,124954600.00,44,0,0.8497,0.7549,0.0680,0.0000,0.6813,yes
highway_corridor,degraded_fleet,4,LEAST_LOADED,50,12.5400,6683859.36,126890500.00,44,0,0.8497,0.7549,0.0680,0.0000,0.6813,yes
highway_corridor,degraded_fleet,4,LATENCY_ONLY,50,12.5400,6515929.08,217563700.00,47,0,0.8531,0.7477,0.0802,3.7148,0.6842,yes
highway_corridor,degraded_fleet,4,MOBILITY_AWARE,50,12.5400,6609974.47,123265900.00,2,0,0.8385,0.7323,0.0703,2.1909,0.8636,yes
highway_corridor,degraded_fleet,4,NHI_STATIC,50,12.5400,6612164.50,123796900.00,25,0,0.8497,0.7549,0.0680,0.0000,0.7668,yes
highway_corridor,degraded_fleet,4,NHI_DYNAMIC,50,12.5400,6611869.96,124243900.00,14,0,0.8455,0.7549,0.0618,0.7746,0.8131,yes
highway_corridor,static,5,ROUND_ROBIN,50,12.5400,6614178.20,127085800.00,0,0,0.9060,0.8383,0.0358,0.0000,0.9564,yes
highway_corridor,static,5,LEAST_LOADED,50,12.5400,6613938.44,126134200.00,0,0,0.9060,0.8383,0.0358,0.0000,0.9564,yes
highway_corridor,static,5,LATENCY_ONLY,50,12.5400,6516678.01,222697800.00,0,0,0.8886,0.7450,0.0813,3.7148,0.9562,yes
highway_corridor,static,5,MOBILITY_AWARE,50,12.5400,6614015.07,127342900.00,0,0,0.9060,0.8383,0.0358,0.0000,0.9564,yes
highway_corridor,static,5,NHI_STATIC,50,12.5400,6613942.18,123892600.00,0,0,0.9060,0.8383,0.0358,0.0000,0.9564,yes
highway_corridor,static,5,NHI_DYNAMIC,50,12.5400,6614015.07,127002400.00,0,0,0.9060,0.8383,0.0358,0.0000,0.9564,yes
highway_corridor,pedestrian,5,ROUND_ROBIN,50,12.5400,6614096.41,126699700.00,44,0,0.9060,0.8383,0.0358,0.0000,0.7573,yes
highway_corridor,pedestrian,5,LEAST_LOADED,50,12.5400,6613968.49,123472600.00,44,0,0.9060,0.8383,0.0358,0.0000,0.7573,yes
highway_corridor,pedestrian,5,LATENCY_ONLY,50,12.5400,6516785.20,223472400.00,46,0,0.8886,0.7450,0.0813,3.7148,0.7608,yes
highway_corridor,pedestrian,5,MOBILITY_AWARE,50,12.5400,6613067.88,127390000.00,0,0,0.9067,0.8383,0.0438,1.2649,0.9562,yes
highway_corridor,pedestrian,5,NHI_STATIC,50,12.5400,6613943.16,128758600.00,27,0,0.9060,0.8383,0.0358,0.0000,0.8352,yes
highway_corridor,pedestrian,5,NHI_DYNAMIC,50,12.5400,6613705.87,126775900.00,15,0,0.9045,0.8383,0.0353,0.6325,0.8909,yes
highway_corridor,vehicular,5,ROUND_ROBIN,50,12.5400,6613974.16,126232600.00,46,0,0.9060,0.8383,0.0358,0.0000,0.7483,yes
highway_corridor,vehicular,5,LEAST_LOADED,50,12.5400,6614103.00,128602300.00,46,0,0.9060,0.8383,0.0358,0.0000,0.7483,yes
highway_corridor,vehicular,5,LATENCY_ONLY,50,12.5400,6516795.35,221737500.00,47,0,0.8886,0.7450,0.0813,3.7148,0.7588,yes
highway_corridor,vehicular,5,MOBILITY_AWARE,50,12.5400,6612595.31,126948400.00,0,0,0.9021,0.7868,0.0561,1.8974,0.9553,yes
highway_corridor,vehicular,5,NHI_STATIC,50,12.5400,6613930.43,125329900.00,29,0,0.9060,0.8383,0.0358,0.0000,0.8255,yes
highway_corridor,vehicular,5,NHI_DYNAMIC,50,12.5400,6610912.45,128303800.00,16,0,0.9060,0.8383,0.0358,0.0000,0.8831,yes
highway_corridor,degraded_fleet,5,ROUND_ROBIN,50,12.5400,6612160.76,126408400.00,44,0,0.8078,0.7326,0.0648,0.0000,0.6416,yes
highway_corridor,degraded_fleet,5,LEAST_LOADED,50,12.5400,6612059.65,122049700.00,44,0,0.8078,0.7326,0.0648,0.0000,0.6416,yes
highway_corridor,degraded_fleet,5,LATENCY_ONLY,50,12.5400,6515701.66,221135400.00,46,0,0.8144,0.7384,0.0706,3.7148,0.6445,yes
highway_corridor,degraded_fleet,5,MOBILITY_AWARE,50,12.5400,6609977.46,124929700.00,0,0,0.8035,0.7326,0.0551,1.2649,0.8378,yes
highway_corridor,degraded_fleet,5,NHI_STATIC,50,12.5400,6610684.37,123468400.00,15,0,0.8032,0.7326,0.0559,1.6125,0.7729,yes
highway_corridor,degraded_fleet,5,NHI_DYNAMIC,50,12.5400,6865996.59,124490500.00,12,0,0.8017,0.7326,0.0568,1.5492,0.7866,yes
highway_corridor,static,6,ROUND_ROBIN,50,12.5400,6661922.30,126493900.00,0,0,0.8929,0.8634,0.0187,0.0000,0.9578,yes
highway_corridor,static,6,LEAST_LOADED,50,12.5400,6711855.45,126862000.00,0,0,0.8929,0.8634,0.0187,0.0000,0.9578,yes
highway_corridor,static,6,LATENCY_ONLY,50,12.5400,6521843.31,220233200.00,0,0,0.8861,0.7769,0.0663,3.7148,0.9589,yes
highway_corridor,static,6,MOBILITY_AWARE,50,12.5400,6764715.40,128077600.00,0,0,0.8929,0.8634,0.0187,0.0000,0.9578,yes
highway_corridor,static,6,NHI_STATIC,50,12.5400,6823881.68,126402400.00,0,0,0.8929,0.8634,0.0187,0.0000,0.9578,yes
highway_corridor,static,6,NHI_DYNAMIC,50,12.5400,6683615.34,126269200.00,0,0,0.8929,0.8634,0.0187,0.0000,0.9578,yes
highway_corridor,pedestrian,6,ROUND_ROBIN,50,12.5400,6693114.11,124604200.00,45,0,0.8929,0.8634,0.0187,0.0000,0.7533,yes
highway_corridor,pedestrian,6,LEAST_LOADED,50,12.5400,6702338.80,126609400.00,45,0,0.8929,0.8634,0.0187,0.0000,0.7533,yes
highway_corridor,pedestrian,6,LATENCY_ONLY,50,12.5400,6547220.65,223086200.00,45,0,0.8861,0.7769,0.0663,3.7148,0.7679,yes
highway_corridor,pedestrian,6,MOBILITY_AWARE,50,12.5400,6719826.62,128182600.00,1,0,0.8957,0.8634,0.0254,1.6125,0.9533,yes
highway_corridor,pedestrian,6,NHI_STATIC,50,12.5400,6823793.30,127408600.00,24,0,0.8929,0.8634,0.0187,0.0000,0.8504,yes
highway_corridor,pedestrian,6,NHI_DYNAMIC,50,12.5400,6626446.25,125302300.00,5,0,0.8935,0.8683,0.0183,1.6125,0.9348,yes
highway_corridor,vehicular,6,ROUND_ROBIN,50,12.5400,6795939.20,129031600.00,46,0,0.8929,0.8634,0.0187,0.0000,0.7497,yes
highway_corridor,vehicular,6,LEAST_LOADED,50,12.5400,6851899.88,127734700.00,46,0,0.8929,0.8634,0.0187,0.0000,0.7497,yes
highway_corridor,vehicular,6,LATENCY_ONLY,50,12.5400,6534515.10,222039800.00,46,0,0.8861,0.7769,0.0663,3.7148,0.7635,yes
highway_corridor,vehicular,6,MOBILITY_AWARE,50,12.5400,6766094.56,126588700.00,0,0,0.8921,0.7769,0.0514,1.8974,0.9586,yes
highway_corridor,vehicular,6,NHI_STATIC,50,12.5400,6655684.09,122474800.00,30,0,0.8929,0.8634,0.0187,0.0000,0.8230,yes
highway_corridor,vehicular,6,NHI_DYNAMIC,50,12.5400,6801447.58,122637100.00,8,0,0.8951,0.8634,0.0246,0.8944,0.9226,yes
highway_corridor,degraded_fleet,6,ROUND_ROBIN,50,12.5400,6621627.54,125551900.00,45,0,0.8023,0.7326,0.0637,0.0000,0.6525,yes
highway_corridor,degraded_fleet,6,LEAST_LOADED,50,12.5400,6724362.35,127439800.00,45,0,0.8023,0.7326,0.0637,0.0000,0.6525,yes
highway_corridor,degraded_fleet,6,LATENCY_ONLY,50,12.5400,6569429.03,219662600.00,44,0,0.8077,0.7326,0.0752,3.7148,0.6708,yes
highway_corridor,degraded_fleet,6,MOBILITY_AWARE,50,12.5400,6701094.69,127208500.00,1,0,0.8018,0.7326,0.0606,1.6125,0.8491,yes
highway_corridor,degraded_fleet,6,NHI_STATIC,50,12.5400,6867193.57,125729800.00,12,0,0.8018,0.7326,0.0606,1.2649,0.8021,yes
highway_corridor,degraded_fleet,6,NHI_DYNAMIC,50,12.5400,6692200.38,127471900.00,10,0,0.7972,0.7326,0.0528,1.6125,0.8094,yes
highway_corridor,static,7,ROUND_ROBIN,50,12.5400,6612024.41,123929800.00,0,0,0.9105,0.8383,0.0344,0.0000,0.9550,yes
highway_corridor,static,7,LEAST_LOADED,50,12.5400,6618270.11,123134200.00,0,0,0.9105,0.8383,0.0344,0.0000,0.9550,yes
highway_corridor,static,7,LATENCY_ONLY,50,12.5400,6531393.95,218313100.00,0,0,0.8906,0.7927,0.0681,3.7148,0.9552,yes
highway_corridor,static,7,MOBILITY_AWARE,50,12.5400,6708544.07,124676800.00,0,0,0.9105,0.8383,0.0344,0.0000,0.9550,yes
highway_corridor,static,7,NHI_STATIC,50,12.5400,6661879.52,123561400.00,0,0,0.9105,0.8383,0.0344,0.0000,0.9550,yes
highway_corridor,static,7,NHI_DYNAMIC,50,12.5400,6646319.34,125526700.00,0,0,0.9105,0.8383,0.0344,0.0000,0.9550,yes
highway_corridor,pedestrian,7,ROUND_ROBIN,50,12.5400,6627686.13,123968800.00,45,0,0.9105,0.8383,0.0344,0.0000,0.7505,yes
highway_corridor,pedestrian,7,LEAST_LOADED,50,12.5400,6652521.79,124326400.00,45,0,0.9105,0.8383,0.0344,0.0000,0.7505,yes
highway_corridor,pedestrian,7,LATENCY_ONLY,50,12.5400,6535825.97,219239500.00,44,0,0.8906,0.7927,0.0681,3.7148,0.7680,yes
highway_corridor,pedestrian,7,MOBILITY_AWARE,50,12.5400,6622722.05,126957700.00,0,0,0.8997,0.7927,0.0530,2.0494,0.9547,yes
highway_corridor,pedestrian,7,NHI_STATIC,50,12.5400,6645710.46,126921700.00,25,0,0.9081,0.8396,0.0342,1.0954,0.8427,yes
highway_corridor,pedestrian,7,NHI_DYNAMIC,50,12.5400,6810249.91,125031400.00,17,0,0.9051,0.8240,0.0409,1.6125,0.8801,yes
highway_corridor,vehicular,7,ROUND_ROBIN,50,12.5400,6615189.11,123877900.00,46,0,0.9105,0.8383,0.0344,0.0000,0.7469,yes
highway_corridor,vehicular,7,LEAST_LOADED,50,12.5400,6627697.91,126069700.00,46,0,0.9105,0.8383,0.0344,0.0000,0.7469,yes
highway_corridor,vehicular,7,LATENCY_ONLY,50,12.5400,6538161.64,217311400.00,42,0,0.8906,0.7927,0.0681,3.7148,0.7769,yes
highway_corridor,vehicular,7,MOBILITY_AWARE,50,12.5400,6613495.26,124425400.00,0,0,0.8995,0.7450,0.0623,1.8974,0.9547,yes
highway_corridor,vehicular,7,NHI_STATIC,50,12.5400,6774025.17,123321700.00,30,0,0.9105,0.8383,0.0344,0.0000,0.8177,yes
highway_corridor,vehicular,7,NHI_DYNAMIC,50,12.5400,6617385.32,122801200.00,12,0,0.9073,0.8666,0.0336,1.2649,0.9036,yes
highway_corridor,degraded_fleet,7,ROUND_ROBIN,50,12.5400,6867641.76,123002500.00,45,0,0.8634,0.7648,0.0608,0.0000,0.6971,yes
highway_corridor,degraded_fleet,7,LEAST_LOADED,50,12.5400,6867339.48,123948700.00,45,0,0.8634,0.7648,0.0608,0.0000,0.6971,yes
highway_corridor,degraded_fleet,7,LATENCY_ONLY,50,12.5400,6603050.36,217781800.00,42,0,0.8579,0.7477,0.0621,3.7148,0.7212,yes
highway_corridor,degraded_fleet,7,MOBILITY_AWARE,50,12.5400,6865465.45,126290500.00,0,0,0.8588,0.7616,0.0699,2.0494,0.9038,yes
highway_corridor,degraded_fleet,7,NHI_STATIC,50,12.5400,6867138.24,127072300.00,25,0,0.8622,0.7858,0.0513,0.7746,0.7885,yes
highway_corridor,degraded_fleet,7,NHI_DYNAMIC,50,12.5400,6867085.98,127055800.00,14,0,0.8622,0.7858,0.0513,0.7746,0.8355,yes
highway_corridor,static,8,ROUND_ROBIN,50,12.5400,6758332.41,125635600.00,0,0,0.9093,0.8704,0.0233,0.0000,0.9551,yes
highway_corridor,static,8,LEAST_LOADED,50,12.5400,6699163.28,124167400.00,0,0,0.9093,0.8704,0.0233,0.0000,0.9551,yes
highway_corridor,static,8,LATENCY_ONLY,50,12.5400,6586450.06,221930500.00,0,0,0.8909,0.8070,0.0583,3.7148,0.9547,yes
highway_corridor,static,8,MOBILITY_AWARE,50,12.5400,6745946.80,125787100.00,0,0,0.9093,0.8704,0.0233,0.0000,0.9551,yes
highway_corridor,static,8,NHI_STATIC,50,12.5400,6621369.44,124467700.00,0,0,0.9093,0.8704,0.0233,0.0000,0.9551,yes
highway_corridor,static,8,NHI_DYNAMIC,50,12.5400,6649885.05,126674500.00,0,0,0.9093,0.8704,0.0233,0.0000,0.9551,yes
highway_corridor,pedestrian,8,ROUND_ROBIN,50,12.5400,6627541.32,122477800.00,46,0,0.9093,0.8704,0.0233,0.0000,0.7472,yes
highway_corridor,pedestrian,8,LEAST_LOADED,50,12.5400,6615127.03,124081600.00,46,0,0.9093,0.8704,0.0233,0.0000,0.7472,yes
highway_corridor,pedestrian,8,LATENCY_ONLY,50,12.5400,6558279.04,222102100.00,42,0,0.8909,0.8070,0.0583,3.7148,0.7769,yes
highway_corridor,pedestrian,8,MOBILITY_AWARE,50,12.5400,6623541.90,125465800.00,0,0,0.9029,0.8240,0.0411,1.4832,0.9551,yes
highway_corridor,pedestrian,8,NHI_STATIC,50,12.5400,6614893.15,126847300.00,27,0,0.9065,0.8704,0.0230,0.7746,0.8347,yes
highway_corridor,pedestrian,8,NHI_DYNAMIC,50,12.5400,6673957.89,126568600.00,5,0,0.9065,0.8704,0.0230,0.7746,0.9325,yes
highway_corridor,vehicular,8,ROUND_ROBIN,50,12.5400,6646290.66,125459200.00,46,0,0.9093,0.8704,0.0233,0.0000,0.7469,yes
highway_corridor,vehicular,8,LEAST_LOADED,50,12.5400,6671258.40,125794000.00,46,0,0.9093,0.8704,0.0233,0.0000,0.7469,yes
highway_corridor,vehicular,8,LATENCY_ONLY,50,12.5400,6539576.25,223581400.00,42,0,0.8909,0.8070,0.0583,3.7148,0.7780,yes
highway_corridor,vehicular,8,MOBILITY_AWARE,50,12.5400,6660230.32,124200100.00,0,0,0.9016,0.7927,0.0503,1.8974,0.9549,yes
highway_corridor,vehicular,8,NHI_STATIC,50,12.5400,6624594.80,126186700.00,30,0,0.9093,0.8704,0.0233,0.0000,0.8186,yes
highway_corridor,vehicular,8,NHI_DYNAMIC,50,12.5400,6633129.15,121132300.00,11,0,0.9032,0.8704,0.0244,0.8944,0.9071,yes
highway_corridor,degraded_fleet,8,ROUND_ROBIN,50,12.5400,6755228.84,123203200.00,46,0,0.8752,0.7923,0.0535,0.0000,0.7005,yes
highway_corridor,degraded_fleet,8,LEAST_LOADED,50,12.5400,6633925.72,124484500.00,46,0,0.8752,0.7923,0.0535,0.0000,0.7005,yes
highway_corridor,degraded_fleet,8,LATENCY_ONLY,50,12.5400,6517718.65,220351000.00,45,0,0.8608,0.7384,0.0886,3.7148,0.7157,yes
highway_corridor,degraded_fleet,8,MOBILITY_AWARE,50,12.5400,6698198.80,125487400.00,0,0,0.8699,0.7695,0.0683,1.4832,0.9069,yes
highway_corridor,degraded_fleet,8,NHI_STATIC,50,12.5400,6866960.16,124612300.00,27,0,0.8789,0.7923,0.0516,0.4472,0.7874,yes
highway_corridor,degraded_fleet,8,NHI_DYNAMIC,50,12.5400,6725791.70,122869300.00,12,0,0.8709,0.7695,0.0586,1.6125,0.8526,yes
highway_corridor,static,9,ROUND_ROBIN,50,12.5400,6613859.93,127052500.00,0,0,0.9004,0.8396,0.0350,0.0000,0.9523,yes
highway_corridor,static,9,LEAST_LOADED,50,12.5400,6613851.46,126153400.00,0,0,0.9004,0.8396,0.0350,0.0000,0.9523,yes
highway_corridor,static,9,LATENCY_ONLY,50,12.5400,6516549.67,222302700.00,0,0,0.8830,0.7457,0.0844,3.7148,0.9499,yes
highway_corridor,static,9,MOBILITY_AWARE,50,12.5400,6609450.67,124209100.00,0,0,0.9004,0.8396,0.0350,0.0000,0.9523,yes
highway_corridor,static,9,NHI_STATIC,50,12.5400,6613866.03,125205100.00,0,0,0.9004,0.8396,0.0350,0.0000,0.9523,yes
highway_corridor,static,9,NHI_DYNAMIC,50,12.5400,6613854.28,125725000.00,0,0,0.9004,0.8396,0.0350,0.0000,0.9523,yes
highway_corridor,pedestrian,9,ROUND_ROBIN,50,12.5400,6613805.86,126340600.00,48,0,0.9004,0.8396,0.0350,0.0000,0.7351,yes
highway_corridor,pedestrian,9,LEAST_LOADED,50,12.5400,6612589.51,126184900.00,48,0,0.9004,0.8396,0.0350,0.0000,0.7351,yes
highway_corridor,pedestrian,9,LATENCY_ONLY,50,12.5400,6516676.14,224184900.00,47,0,0.8830,0.7457,0.0844,3.7148,0.7517,yes
highway_corridor,pedestrian,9,MOBILITY_AWARE,50,12.5400,6611790.63,125808700.00,0,0,0.8886,0.7457,0.0593,1.9494,0.9519,yes
highway_corridor,pedestrian,9,NHI_STATIC,50,12.5400,6613886.24,124987300.00,29,0,0.9004,0.8396,0.0350,0.0000,0.8231,yes
highway_corridor,pedestrian,9,NHI_DYNAMIC,50,12.5400,6613864.16,126368800.00,22,0,0.9004,0.8396,0.0350,0.0000,0.8536,yes
highway_corridor,vehicular,9,ROUND_ROBIN,50,12.5400,6613875.90,125719000.00,46,0,0.9004,0.8396,0.0350,0.0000,0.7442,yes
highway_corridor,vehicular,9,LEAST_LOADED,50,12.5400,6613847.23,126065500.00,46,0,0.9004,0.8396,0.0350,0.0000,0.7442,yes
highway_corridor,vehicular,9,LATENCY_ONLY,50,12.5400,6516564.73,223715400.00,44,0,0.8830,0.7457,0.0844,3.7148,0.7631,yes
highway_corridor,vehicular,9,MOBILITY_AWARE,50,12.5400,6612272.81,127169800.00,0,0,0.8952,0.7457,0.0616,1.8974,0.9535,yes
highway_corridor,vehicular,9,NHI_STATIC,50,12.5400,6613785.26,128055100.00,29,0,0.9008,0.8574,0.0333,0.4472,0.8217,yes
highway_corridor,vehicular,9,NHI_DYNAMIC,50,12.5400,6613719.91,127725400.00,18,0,0.9001,0.8396,0.0325,0.4472,0.8717,yes
highway_corridor,degraded_fleet,9,ROUND_ROBIN,50,12.5400,6724247.16,124034800.00,48,0,0.8387,0.7326,0.0776,0.0000,0.6532,yes
highway_corridor,degraded_fleet,9,LEAST_LOADED,50,12.5400,6677577.45,125563300.00,48,0,0.8387,0.7326,0.0776,0.0000,0.6532,yes
highway_corridor,degraded_fleet,9,LATENCY_ONLY,50,12.5400,6513776.69,220984000.00,41,0,0.8335,0.7326,0.0696,3.7148,0.6899,yes
highway_corridor,degraded_fleet,9,MOBILITY_AWARE,50,12.5400,6685026.70,126591100.00,0,0,0.8452,0.7326,0.0890,1.9494,0.8778,yes
highway_corridor,degraded_fleet,9,NHI_STATIC,50,12.5400,6854137.95,123982300.00,11,0,0.8297,0.7326,0.0688,1.3416,0.8205,yes
highway_corridor,degraded_fleet,9,NHI_DYNAMIC,50,12.5400,6639813.78,122900500.00,11,0,0.8342,0.7326,0.0715,0.6325,0.8212,yes
highway_corridor,static,10,ROUND_ROBIN,50,12.5400,6867221.24,126079000.00,0,0,0.9054,0.8383,0.0312,0.0000,0.9606,yes
highway_corridor,static,10,LEAST_LOADED,50,12.5400,6851912.57,126521800.00,0,0,0.9054,0.8383,0.0312,0.0000,0.9606,yes
highway_corridor,static,10,LATENCY_ONLY,50,12.5400,6564951.80,222660700.00,0,0,0.8907,0.7450,0.0683,3.7148,0.9572,yes
highway_corridor,static,10,MOBILITY_AWARE,50,12.5400,6867272.09,125546500.00,0,0,0.9054,0.8383,0.0312,0.0000,0.9606,yes
highway_corridor,static,10,NHI_STATIC,50,12.5400,6867228.29,125732200.00,0,0,0.9054,0.8383,0.0312,0.0000,0.9606,yes
highway_corridor,static,10,NHI_DYNAMIC,50,12.5400,6867122.36,125786200.00,0,0,0.9054,0.8383,0.0312,0.0000,0.9606,yes
highway_corridor,pedestrian,10,ROUND_ROBIN,50,12.5400,6814458.60,124735000.00,43,0,0.9054,0.8383,0.0312,0.0000,0.7647,yes
highway_corridor,pedestrian,10,LEAST_LOADED,50,12.5400,6867129.41,125406100.00,43,0,0.9054,0.8383,0.0312,0.0000,0.7647,yes
highway_corridor,pedestrian,10,LATENCY_ONLY,50,12.5400,6555603.00,221679400.00,43,0,0.8907,0.7450,0.0683,3.7148,0.7741,yes
highway_corridor,pedestrian,10,MOBILITY_AWARE,50,12.5400,6773018.82,126243700.00,0,0,0.8999,0.8193,0.0415,1.3416,0.9604,yes
highway_corridor,pedestrian,10,NHI_STATIC,50,12.5400,6867078.56,125227300.00,21,0,0.9054,0.8383,0.0312,0.0000,0.8663,yes
highway_corridor,pedestrian,10,NHI_DYNAMIC,50,12.5400,6866112.17,126909100.00,9,0,0.9002,0.8497,0.0300,1.4832,0.9217,yes
highway_corridor,vehicular,10,ROUND_ROBIN,50,12.5400,6736726.34,125985400.00,46,0,0.9054,0.8383,0.0312,0.0000,0.7525,yes
highway_corridor,vehicular,10,LEAST_LOADED,50,12.5400,6867122.36,125836600.00,46,0,0.9054,0.8383,0.0312,0.0000,0.7525,yes
highway_corridor,vehicular,10,LATENCY_ONLY,50,12.5400,6515160.24,225729700.00,46,0,0.8907,0.7450,0.0683,3.7148,0.7640,yes
highway_corridor,vehicular,10,MOBILITY_AWARE,50,12.5400,6641548.23,124627600.00,0,0,0.8960,0.7450,0.0631,1.8974,0.9599,yes
highway_corridor,vehicular,10,NHI_STATIC,50,12.5400,6867079.97,124723300.00,38,0,0.9054,0.8383,0.0312,0.0000,0.7887,yes
highway_corridor,vehicular,10,NHI_DYNAMIC,50,12.5400,6866954.52,126426700.00,18,0,0.9031,0.8383,0.0329,0.4472,0.8811,yes
highway_corridor,degraded_fleet,10,ROUND_ROBIN,50,12.5400,6640119.25,125495200.00,43,0,0.7914,0.7326,0.0585,0.0000,0.6385,yes
highway_corridor,degraded_fleet,10,LEAST_LOADED,50,12.5400,6770921.60,124606300.00,43,0,0.7914,0.7326,0.0585,0.0000,0.6385,yes
highway_corridor,degraded_fleet,10,LATENCY_ONLY,50,12.5400,6555474.70,219596900.00,43,0,0.7878,0.7285,0.0432,3.7148,0.6372,yes
highway_corridor,degraded_fleet,10,MOBILITY_AWARE,50,12.5400,6638941.29,124888600.00,0,0,0.7910,0.7326,0.0653,1.3416,0.8333,yes
highway_corridor,degraded_fleet,10,NHI_STATIC,50,12.5400,6630792.07,123846400.00,27,0,0.7914,0.7326,0.0585,0.0000,0.7118,yes
highway_corridor,degraded_fleet,10,NHI_DYNAMIC,50,12.5400,6677428.97,126189700.00,19,0,0.7914,0.7326,0.0585,0.4472,0.7494,yes
